id,beaconAdvInt,beaconTxPower,beaconDeployed,beaconRSSI,beaconName,beaconMac,detectionTime,mobileModel,reg_date
1,100,0,3,-69,DragBcon ,D0:B5:C2:CD:2D:E3,189.6347,SM-T713,04-07-17 16:58
2,100,0,3,-73,DragBcon ,D0:B5:C2:CD:29:49,1883.9209,SM-T713,04-07-17 16:58
3,100,0,3,-70,DragBcon ,D0:B5:C2:CD:29:49,2885.486,SM-T713,04-07-17 16:58
4,100,0,3,-72,DragBcon ,D0:B5:C2:CD:2D:BD,3833.7158,SM-T713,04-07-17 16:58
5,100,0,3,-65,DragBcon ,D0:B5:C2:CD:2D:E3,5204.6868,SM-T713,04-07-17 16:58
6,100,0,3,-67,DragBcon ,D0:B5:C2:CD:29:49,5892.8413,SM-T713,04-07-17 16:58
7,100,0,3,-65,DragBcon ,D0:B5:C2:CD:2D:E3,6222.117,SM-T713,04-07-17 16:58
8,100,0,3,-74,DragBcon ,D0:B5:C2:CD:2D:BD,6838.4324,SM-T713,04-07-17 16:58
9,100,0,3,-67,DragBcon ,D0:B5:C2:CD:2D:E3,7222.5485,SM-T713,04-07-17 16:58
10,100,0,3,-72,DragBcon ,D0:B5:C2:CD:2D:BD,7861.6892,SM-T713,04-07-17 16:58
11,100,0,3,-86,DragBcon ,D0:B5:C2:CD:29:49,7907.922,SM-T713,04-07-17 16:58
12,100,0,3,-68,DragBcon ,D0:B5:C2:CD:29:49,8913.7963,SM-T713,04-07-17 16:58
13,100,0,3,-66,DragBcon ,D0:B5:C2:CD:2D:E3,9235.4703,SM-T713,04-07-17 16:58
14,100,0,3,-78,DragBcon ,D0:B5:C2:CD:2D:BD,9856.291,SM-T713,04-07-17 16:58
15,100,0,3,-68,DragBcon ,D0:B5:C2:CD:29:49,9907.8625,SM-T713,04-07-17 16:58
16,100,0,3,-68,DragBcon ,D0:B5:C2:CD:2D:E3,10226.9167,SM-T713,04-07-17 16:58
17,100,0,3,-64,DragBcon ,D0:B5:C2:CD:29:49,10937.6534,SM-T713,04-07-17 16:58
18,100,0,3,-66,DragBcon ,D0:B5:C2:CD:2D:E3,11253.3002,SM-T713,04-07-17 16:58
19,100,0,3,-83,DragBcon ,D0:B5:C2:CD:2D:BD,11866.0482,SM-T713,04-07-17 16:58
20,100,0,3,-64,DragBcon ,D0:B5:C2:CD:29:49,11925.0451,SM-T713,04-07-17 16:58
21,100,0,3,-68,DragBcon ,D0:B5:C2:CD:2D:E3,12257.1366,SM-T713,04-07-17 16:58
22,100,0,3,-80,DragBcon ,D0:B5:C2:CD:2D:BD,12866.3838,SM-T713,04-07-17 16:58
23,100,0,3,-80,DragBcon ,D0:B5:C2:CD:29:49,12933.448,SM-T713,04-07-17 16:58
24,100,0,3,-68,DragBcon ,D0:B5:C2:CD:2D:E3,13263.1863,SM-T713,04-07-17 16:58
25,100,0,3,-66,DragBcon ,D0:B5:C2:CD:29:49,13948.2596,SM-T713,04-07-17 16:58
26,100,0,3,-72,DragBcon ,D0:B5:C2:CD:2D:BD,14883.8784,SM-T713,04-07-17 16:58
27,100,0,3,-65,DragBcon ,D0:B5:C2:CD:2D:E3,15260.8431,SM-T713,04-07-17 16:58
28,100,0,3,-70,DragBcon ,D0:B5:C2:CD:2D:BD,15893.4587,SM-T713,04-07-17 16:58
29,100,0,3,-66,DragBcon ,D0:B5:C2:CD:2D:E3,16247.8982,SM-T713,04-07-17 16:58
30,100,0,3,-78,DragBcon ,D0:B5:C2:CD:2D:BD,16903.9072,SM-T713,04-07-17 16:58
31,100,0,3,-73,DragBcon ,D0:B5:C2:CD:2D:E3,17253.359,SM-T713,04-07-17 16:58
32,100,0,3,-71,DragBcon ,D0:B5:C2:CD:2D:BD,17910.437,SM-T713,04-07-17 16:58
33,100,0,3,-68,DragBcon ,D0:B5:C2:CD:29:49,17955.0585,SM-T713,04-07-17 16:58
34,100,0,3,-72,DragBcon ,D0:B5:C2:CD:2D:E3,19260.9878,SM-T713,04-07-17 16:58
35,100,0,3,-67,DragBcon ,D0:B5:C2:CD:29:49,19982.5463,SM-T713,04-07-17 16:58
36,100,0,3,-67,DragBcon ,D0:B5:C2:CD:2D:E3,20273.185,SM-T713,04-07-17 16:58
37,100,0,3,-80,DragBcon ,D0:B5:C2:CD:2D:BD,20915.2553,SM-T713,04-07-17 16:58
38,100,0,3,-66,DragBcon ,D0:B5:C2:CD:29:49,20969.4749,SM-T713,04-07-17 16:58
39,100,0,3,-68,DragBcon ,D0:B5:C2:CD:2D:E3,21291.418,SM-T713,04-07-17 16:58
40,100,0,3,-74,DragBcon ,D0:B5:C2:CD:2D:BD,21935.4098,SM-T713,04-07-17 16:58
41,100,0,3,-63,DragBcon ,D0:B5:C2:CD:29:49,22001.3262,SM-T713,04-07-17 16:58
42,100,0,3,-66,DragBcon ,D0:B5:C2:CD:2D:E3,22297.7616,SM-T713,04-07-17 16:58
43,100,0,3,-72,DragBcon ,D0:B5:C2:CD:2D:BD,22931.479,SM-T713,04-07-17 16:58
44,100,0,3,-70,DragBcon ,D0:B5:C2:CD:2D:BD,23923.5941,SM-T713,04-07-17 16:58
45,100,0,3,-65,DragBcon ,D0:B5:C2:CD:29:49,23988.3211,SM-T713,04-07-17 16:58
46,100,0,3,-65,DragBcon ,D0:B5:C2:CD:2D:E3,24303.6705,SM-T713,04-07-17 16:58
47,100,0,3,-68,DragBcon ,D0:B5:C2:CD:29:49,25002.7525,SM-T713,04-07-17 16:58
48,100,0,3,-75,DragBcon ,D0:B5:C2:CD:29:49,26009.4394,SM-T713,04-07-17 16:58
49,100,0,3,-66,DragBcon ,D0:B5:C2:CD:2D:E3,26314.0907,SM-T713,04-07-17 16:58
50,100,0,3,-67,DragBcon ,D0:B5:C2:CD:2D:E3,27318.6203,SM-T713,04-07-17 16:58
51,100,0,3,-82,DragBcon ,D0:B5:C2:CD:2D:BD,27946.5575,SM-T713,04-07-17 16:58
52,100,0,3,-66,DragBcon ,D0:B5:C2:CD:2D:E3,28325.9256,SM-T713,04-07-17 16:58
53,100,0,3,-79,DragBcon ,D0:B5:C2:CD:2D:BD,30933.1844,SM-T713,04-07-17 16:58
54,100,0,3,-70,DragBcon ,D0:B5:C2:CD:29:49,31033.9012,SM-T713,04-07-17 16:58
55,100,0,3,-67,DragBcon ,D0:B5:C2:CD:2D:E3,31338.5691,SM-T713,04-07-17 16:58
56,100,0,3,-74,DragBcon ,D0:B5:C2:CD:29:49,32052.7267,SM-T713,04-07-17 16:58
57,100,0,3,-81,DragBcon ,D0:B5:C2:CD:2D:BD,32955.2729,SM-T713,04-07-17 16:58
58,100,0,3,-68,DragBcon ,D0:B5:C2:CD:29:49,34052.4762,SM-T713,04-07-17 16:58
59,100,0,3,-68,DragBcon ,D0:B5:C2:CD:29:49,35063.2361,SM-T713,04-07-17 16:58
60,100,0,3,-79,DragBcon ,D0:B5:C2:CD:2D:BD,35976.3402,SM-T713,04-07-17 16:58
61,100,0,3,-63,DragBcon ,D0:B5:C2:CD:29:49,36055.4157,SM-T713,04-07-17 16:58
62,100,0,3,-67,DragBcon ,D0:B5:C2:CD:2D:E3,36365.3102,SM-T713,04-07-17 16:58
63,100,0,3,-80,DragBcon ,D0:B5:C2:CD:2D:BD,36989.6982,SM-T713,04-07-17 16:58
64,100,0,3,-63,DragBcon ,D0:B5:C2:CD:29:49,37059.2313,SM-T713,04-07-17 16:58
65,100,0,3,-67,DragBcon ,D0:B5:C2:CD:2D:E3,37371.9419,SM-T713,04-07-17 16:58
66,100,0,3,-64,DragBcon ,D0:B5:C2:CD:2D:E3,38393.7678,SM-T713,04-07-17 16:58
67,100,0,3,-85,DragBcon ,D0:B5:C2:CD:2D:BD,38975.5186,SM-T713,04-07-17 16:58
68,100,0,3,-86,DragBcon ,D0:B5:C2:CD:2D:BD,40006.9976,SM-T713,04-07-17 16:58
69,100,0,3,-66,DragBcon ,D0:B5:C2:CD:2D:E3,40378.7396,SM-T713,04-07-17 16:58
70,100,0,3,-74,DragBcon ,D0:B5:C2:CD:29:49,41073.2987,SM-T713,04-07-17 16:58
71,100,0,3,-66,DragBcon ,D0:B5:C2:CD:2D:E3,41379.9603,SM-T713,04-07-17 16:58
72,100,0,3,-77,DragBcon ,D0:B5:C2:CD:2D:BD,42021.0775,SM-T713,04-07-17 16:58
73,100,0,3,-66,DragBcon ,D0:B5:C2:CD:2D:E3,42395.3626,SM-T713,04-07-17 16:58
74,100,0,3,-77,DragBcon ,D0:B5:C2:CD:2D:BD,43023.2563,SM-T713,04-07-17 16:58
75,100,0,3,-67,DragBcon ,D0:B5:C2:CD:2D:E3,43399.9798,SM-T713,04-07-17 16:58
76,100,0,3,-78,DragBcon ,D0:B5:C2:CD:2D:BD,44016.267,SM-T713,04-07-17 16:58
77,100,0,3,-66,DragBcon ,D0:B5:C2:CD:29:49,45093.0951,SM-T713,04-07-17 16:58
78,100,0,3,-64,DragBcon ,D0:B5:C2:CD:2D:E3,45400.4823,SM-T713,04-07-17 16:58
79,100,0,3,-64,DragBcon ,D0:B5:C2:CD:2D:E3,46395.9883,SM-T713,04-07-17 16:58
80,100,0,3,-71,DragBcon ,D0:B5:C2:CD:2D:BD,47030.6098,SM-T713,04-07-17 16:58
81,100,0,3,-64,DragBcon ,D0:B5:C2:CD:2D:E3,47411.5631,SM-T713,04-07-17 16:58
82,100,0,3,-71,DragBcon ,D0:B5:C2:CD:2D:BD,49035.2393,SM-T713,04-07-17 16:58
83,100,0,3,-83,DragBcon ,D0:B5:C2:CD:2D:BD,53062.1257,SM-T713,04-07-17 16:58
84,100,0,3,-65,DragBcon ,D0:B5:C2:CD:29:49,54114.9103,SM-T713,04-07-17 16:58
85,100,0,3,-67,DragBcon ,D0:B5:C2:CD:29:49,56130.6231,SM-T713,04-07-17 16:58
86,100,0,3,-68,DragBcon ,D0:B5:C2:CD:29:49,60134.4139,SM-T713,04-07-17 16:58
87,100,0,3,-68,DragBcon ,D0:B5:C2:CD:2D:BD,64111.7914,SM-T713,04-07-17 16:58
88,100,0,3,-68,DragBcon ,D0:B5:C2:CD:2D:BD,66121.6089,SM-T713,04-07-17 16:58
89,100,0,3,-64,DragBcon ,D0:B5:C2:CD:29:49,68190.0925,SM-T713,04-07-17 16:58
90,100,0,3,-72,DragBcon ,D0:B5:C2:CD:2D:BD,70155.115,SM-T713,04-07-17 16:58
91,100,0,3,-81,DragBcon ,D0:B5:C2:CD:2D:BD,71149.3356,SM-T713,04-07-17 16:58
92,100,0,3,-75,DragBcon ,D0:B5:C2:CD:2D:BD,72162.0487,SM-T713,04-07-17 16:58
93,100,0,3,-72,DragBcon ,D0:B5:C2:CD:29:49,74193.9591,SM-T713,04-07-17 16:58
94,100,0,3,-66,DragBcon ,D0:B5:C2:CD:2D:E3,77533.1768,SM-T713,04-07-17 16:58
95,100,0,3,-68,DragBcon ,D0:B5:C2:CD:2D:E3,79535.5237,SM-T713,04-07-17 16:58
96,100,0,3,-75,DragBcon ,D0:B5:C2:CD:2D:BD,80216.9982,SM-T713,04-07-17 16:58
97,100,0,3,-66,DragBcon ,D0:B5:C2:CD:2D:E3,81534.8186,SM-T713,04-07-17 16:58
98,100,0,3,-66,DragBcon ,D0:B5:C2:CD:2D:E3,82549.6509,SM-T713,04-07-17 16:58
99,100,0,3,-75,DragBcon ,D0:B5:C2:CD:2D:BD,83221.3834,SM-T713,04-07-17 16:58
100,100,0,3,-70,DragBcon ,D0:B5:C2:CD:2D:E3,83574.9494,SM-T713,04-07-17 16:58
101,100,0,3,-74,DragBcon ,D0:B5:C2:CD:2D:BD,84215.7809,SM-T713,04-07-17 16:58
102,100,0,3,-63,DragBcon ,D0:B5:C2:CD:29:49,84264.2389,SM-T713,04-07-17 16:58
103,100,0,3,-65,DragBcon ,D0:B5:C2:CD:2D:E3,84549.9711,SM-T713,04-07-17 16:58
104,100,0,3,-66,DragBcon ,D0:B5:C2:CD:29:49,85256.9208,SM-T713,04-07-17 16:58
105,100,0,3,-67,DragBcon ,D0:B5:C2:CD:29:49,86261.9322,SM-T713,04-07-17 16:58
106,100,0,3,-65,DragBcon ,D0:B5:C2:CD:2D:E3,86588.8587,SM-T713,04-07-17 16:58
107,100,0,3,-80,DragBcon ,D0:B5:C2:CD:2D:BD,87234.0443,SM-T713,04-07-17 16:58
108,100,0,3,-69,DragBcon ,D0:B5:C2:CD:29:49,87290.0741,SM-T713,04-07-17 16:58
109,100,0,3,-66,DragBcon ,D0:B5:C2:CD:2D:E3,87597.7912,SM-T713,04-07-17 16:58
110,100,0,3,-77,DragBcon ,D0:B5:C2:CD:2D:BD,88237.7671,SM-T713,04-07-17 16:58
111,100,0,3,-66,DragBcon ,D0:B5:C2:CD:2D:E3,88611.0886,SM-T713,04-07-17 16:58
112,100,0,3,-68,DragBcon ,D0:B5:C2:CD:2D:BD,89264.8654,SM-T713,04-07-17 16:58
113,100,0,3,-63,DragBcon ,D0:B5:C2:CD:29:49,89279.4705,SM-T713,04-07-17 16:58
114,100,0,3,-60,DragBcon ,D0:B5:C2:CD:2D:E3,89611.8121,SM-T713,04-07-17 16:58
115,100,0,3,-70,DragBcon ,D0:B5:C2:CD:2D:BD,90270.2439,SM-T713,04-07-17 16:58
116,100,0,3,-69,DragBcon ,D0:B5:C2:CD:29:49,90284.2931,SM-T713,04-07-17 16:58
117,100,0,3,-63,DragBcon ,D0:B5:C2:CD:2D:E3,90618.3889,SM-T713,04-07-17 16:58
118,100,0,3,-68,DragBcon ,D0:B5:C2:CD:2D:BD,91262.7241,SM-T713,04-07-17 16:58
119,100,0,3,-70,DragBcon ,D0:B5:C2:CD:29:49,91300.5991,SM-T713,04-07-17 16:58
120,100,0,3,-82,DragBcon ,D0:B5:C2:CD:2D:BD,92262.7887,SM-T713,04-07-17 16:58
121,100,0,3,-65,DragBcon ,D0:B5:C2:CD:29:49,92319.7219,SM-T713,04-07-17 16:58
122,100,0,3,-65,DragBcon ,D0:B5:C2:CD:2D:E3,92616.4197,SM-T713,04-07-17 16:58
123,100,0,3,-65,DragBcon ,D0:B5:C2:CD:29:49,93303.2439,SM-T713,04-07-17 16:58
124,100,0,3,-66,DragBcon ,D0:B5:C2:CD:2D:E3,94644.5099,SM-T713,04-07-17 16:58
125,100,0,3,-72,DragBcon ,D0:B5:C2:CD:2D:BD,95288.9291,SM-T713,04-07-17 16:59
126,100,0,3,-63,DragBcon ,D0:B5:C2:CD:29:49,95299.859,SM-T713,04-07-17 16:59
127,100,0,3,-66,DragBcon ,D0:B5:C2:CD:2D:E3,95620.7915,SM-T713,04-07-17 16:59
128,100,0,3,-74,DragBcon ,D0:B5:C2:CD:2D:BD,96293.5201,SM-T713,04-07-17 16:59
129,100,0,3,-62,DragBcon ,D0:B5:C2:CD:29:49,96304.0679,SM-T713,04-07-17 16:59
130,100,0,3,-68,DragBcon ,D0:B5:C2:CD:2D:E3,96642.1964,SM-T713,04-07-17 16:59
131,100,0,3,-64,DragBcon ,D0:B5:C2:CD:2D:E3,97664.7237,SM-T713,04-07-17 16:59
132,100,0,3,-74,DragBcon ,D0:B5:C2:CD:2D:BD,98287.437,SM-T713,04-07-17 16:59
133,100,0,3,-68,DragBcon ,D0:B5:C2:CD:2D:E3,98665.4458,SM-T713,04-07-17 16:59
134,100,0,3,-65,DragBcon ,D0:B5:C2:CD:29:49,99317.0016,SM-T713,04-07-17 16:59
135,100,0,3,-79,DragBcon ,D0:B5:C2:CD:2D:BD,100322.6065,SM-T713,04-07-17 16:59
136,100,0,3,-65,DragBcon ,D0:B5:C2:CD:2D:E3,100682.4093,SM-T713,04-07-17 16:59
137,100,0,3,-72,DragBcon ,D0:B5:C2:CD:2D:BD,101321.3141,SM-T713,04-07-17 16:59
138,100,0,3,-62,DragBcon ,D0:B5:C2:CD:29:49,101339.4535,SM-T713,04-07-17 16:59
139,100,0,3,-65,DragBcon ,D0:B5:C2:CD:2D:E3,101677.7926,SM-T713,04-07-17 16:59
140,100,0,3,-78,DragBcon ,D0:B5:C2:CD:2D:BD,102330.3877,SM-T713,04-07-17 16:59
141,100,0,3,-62,DragBcon ,D0:B5:C2:CD:29:49,102351.7962,SM-T713,04-07-17 16:59
142,100,0,3,-63,DragBcon ,D0:B5:C2:CD:29:49,103343.6211,SM-T713,04-07-17 16:59
143,100,0,3,-72,DragBcon ,D0:B5:C2:CD:2D:BD,104337.6324,SM-T713,04-07-17 16:59
144,100,0,3,-64,DragBcon ,D0:B5:C2:CD:2D:E3,104690.5156,SM-T713,04-07-17 16:59
145,100,0,3,-62,DragBcon ,D0:B5:C2:CD:29:49,105345.904,SM-T713,04-07-17 16:59
146,100,0,3,-63,DragBcon ,D0:B5:C2:CD:29:49,106362.2618,SM-T713,04-07-17 16:59
147,100,0,3,-80,DragBcon ,D0:B5:C2:CD:2D:BD,108324.6013,SM-T713,04-07-17 16:59
148,100,0,3,-66,DragBcon ,D0:B5:C2:CD:2D:E3,109710.2079,SM-T713,04-07-17 16:59
149,100,0,3,-61,DragBcon ,D0:B5:C2:CD:29:49,110381.6252,SM-T713,04-07-17 16:59
150,100,0,3,-82,DragBcon ,D0:B5:C2:CD:2D:BD,111322.4864,SM-T713,04-07-17 16:59
151,100,0,3,-62,DragBcon ,D0:B5:C2:CD:29:49,112389.1264,SM-T713,04-07-17 16:59
152,100,0,3,-64,DragBcon ,D0:B5:C2:CD:2D:E3,113742.9315,SM-T713,04-07-17 16:59
153,100,0,3,-71,DragBcon ,D0:B5:C2:CD:2D:BD,114356.3276,SM-T713,04-07-17 16:59
154,100,0,3,-63,DragBcon ,D0:B5:C2:CD:2D:E3,114742.7745,SM-T713,04-07-17 16:59
155,100,0,3,-71,DragBcon ,D0:B5:C2:CD:2D:BD,115353.936,SM-T713,04-07-17 16:59
156,100,0,3,-66,DragBcon ,D0:B5:C2:CD:29:49,115397.5418,SM-T713,04-07-17 16:59
157,100,0,3,-64,DragBcon ,D0:B5:C2:CD:2D:E3,116769.8793,SM-T713,04-07-17 16:59
158,100,0,3,-80,DragBcon ,D0:B5:C2:CD:2D:BD,117370.8376,SM-T713,04-07-17 16:59
159,100,0,3,-61,DragBcon ,D0:B5:C2:CD:29:49,117413.5728,SM-T713,04-07-17 16:59
160,100,0,3,-66,DragBcon ,D0:B5:C2:CD:2D:E3,117761.7505,SM-T713,04-07-17 16:59
161,100,0,3,-84,DragBcon ,D0:B5:C2:CD:2D:BD,118374.4481,SM-T713,04-07-17 16:59
162,100,0,3,-65,DragBcon ,D0:B5:C2:CD:2D:E3,118776.2424,SM-T713,04-07-17 16:59
163,100,0,3,-81,DragBcon ,D0:B5:C2:CD:2D:BD,119375.192,SM-T713,04-07-17 16:59
164,100,0,3,-61,DragBcon ,D0:B5:C2:CD:29:49,119435.5947,SM-T713,04-07-17 16:59
165,100,0,3,-66,DragBcon ,D0:B5:C2:CD:2D:E3,119771.5316,SM-T713,04-07-17 16:59
166,100,0,3,-61,DragBcon ,D0:B5:C2:CD:29:49,120422.5874,SM-T713,04-07-17 16:59
167,100,0,3,-79,DragBcon ,D0:B5:C2:CD:2D:BD,121386.1627,SM-T713,04-07-17 16:59
168,100,0,3,-62,DragBcon ,D0:B5:C2:CD:29:49,121428.2938,SM-T713,04-07-17 16:59
169,100,0,3,-65,DragBcon ,D0:B5:C2:CD:2D:E3,121777.5751,SM-T713,04-07-17 16:59
170,100,0,3,-78,DragBcon ,D0:B5:C2:CD:2D:BD,122393.2656,SM-T713,04-07-17 16:59
171,100,0,3,-62,DragBcon ,D0:B5:C2:CD:29:49,122430.391,SM-T713,04-07-17 16:59
172,100,0,3,-64,DragBcon ,D0:B5:C2:CD:2D:E3,122810.8672,SM-T713,04-07-17 16:59
173,100,0,3,-71,DragBcon ,D0:B5:C2:CD:2D:BD,123398.266,SM-T713,04-07-17 16:59
174,100,0,3,-66,DragBcon ,D0:B5:C2:CD:29:49,123451.9732,SM-T713,04-07-17 16:59
175,100,0,3,-72,DragBcon ,D0:B5:C2:CD:2D:E3,123812.4739,SM-T713,04-07-17 16:59
176,100,0,3,-66,DragBcon ,D0:B5:C2:CD:29:49,124438.653,SM-T713,04-07-17 16:59
177,100,0,3,-64,DragBcon ,D0:B5:C2:CD:2D:E3,124812.7318,SM-T713,04-07-17 16:59
178,100,0,3,-72,DragBcon ,D0:B5:C2:CD:2D:BD,125399.6001,SM-T713,04-07-17 16:59
179,100,0,3,-66,DragBcon ,D0:B5:C2:CD:29:49,125451.3716,SM-T713,04-07-17 16:59
180,100,0,3,-82,DragBcon ,D0:B5:C2:CD:2D:BD,126413.8863,SM-T713,04-07-17 16:59
181,100,0,3,-65,DragBcon ,D0:B5:C2:CD:2D:E3,126812.374,SM-T713,04-07-17 16:59
182,100,0,3,-63,DragBcon ,D0:B5:C2:CD:29:49,127463.502,SM-T713,04-07-17 16:59
183,100,0,3,-70,DragBcon ,D0:B5:C2:CD:29:49,130485.7148,SM-T713,04-07-17 16:59
184,100,0,3,-65,DragBcon ,D0:B5:C2:CD:2D:E3,131852.2252,SM-T713,04-07-17 16:59
185,100,0,3,-70,DragBcon ,D0:B5:C2:CD:2D:BD,132434.6953,SM-T713,04-07-17 16:59
186,100,0,3,-65,DragBcon ,D0:B5:C2:CD:2D:E3,132862.5665,SM-T713,04-07-17 16:59
187,100,0,3,-70,DragBcon ,D0:B5:C2:CD:2D:BD,133440.1648,SM-T713,04-07-17 16:59
188,100,0,3,-63,DragBcon ,D0:B5:C2:CD:2D:E3,133873.293,SM-T713,04-07-17 16:59
189,100,0,3,-87,DragBcon ,D0:B5:C2:CD:2D:BD,134446.9788,SM-T713,04-07-17 16:59
190,100,0,3,-66,DragBcon ,D0:B5:C2:CD:2D:E3,134883.5422,SM-T713,04-07-17 16:59
191,100,0,3,-64,DragBcon ,D0:B5:C2:CD:29:49,135521.448,SM-T713,04-07-17 16:59
192,100,0,3,-85,DragBcon ,D0:B5:C2:CD:2D:BD,136453.9413,SM-T713,04-07-17 16:59
193,100,0,3,-66,DragBcon ,D0:B5:C2:CD:2D:E3,136882.6872,SM-T713,04-07-17 16:59
194,100,0,3,-84,DragBcon ,D0:B5:C2:CD:2D:BD,137468.2883,SM-T713,04-07-17 16:59
195,100,0,3,-69,DragBcon ,D0:B5:C2:CD:29:49,137532.5647,SM-T713,04-07-17 16:59
196,100,0,3,-66,DragBcon ,D0:B5:C2:CD:2D:E3,137899.072,SM-T713,04-07-17 16:59
197,100,0,3,-72,DragBcon ,D0:B5:C2:CD:2D:BD,138487.3245,SM-T713,04-07-17 16:59
198,100,0,3,-71,DragBcon ,D0:B5:C2:CD:29:49,138546.8185,SM-T713,04-07-17 16:59
199,100,0,3,-66,DragBcon ,D0:B5:C2:CD:2D:E3,138886.8222,SM-T713,04-07-17 16:59
200,100,0,3,-71,DragBcon ,D0:B5:C2:CD:29:49,139534.9528,SM-T713,04-07-17 16:59
201,100,0,3,-64,DragBcon ,D0:B5:C2:CD:2D:E3,140900.4304,SM-T713,04-07-17 16:59
202,100,0,3,-64,DragBcon ,D0:B5:C2:CD:2D:E3,141896.9141,SM-T713,04-07-17 16:59
203,100,0,3,-84,DragBcon ,D0:B5:C2:CD:2D:BD,142454.5398,SM-T713,04-07-17 16:59
204,100,0,3,-65,DragBcon ,D0:B5:C2:CD:2D:E3,142915.0561,SM-T713,04-07-17 16:59
205,100,0,3,-67,DragBcon ,D0:B5:C2:CD:29:49,143538.8591,SM-T713,04-07-17 16:59
206,100,0,3,-66,DragBcon ,D0:B5:C2:CD:2D:E3,143911.0186,SM-T713,04-07-17 16:59
207,100,0,3,-67,DragBcon ,D0:B5:C2:CD:29:49,144545.6602,SM-T713,04-07-17 16:59
208,100,0,3,-65,DragBcon ,D0:B5:C2:CD:2D:E3,144906.6321,SM-T713,04-07-17 16:59
209,100,0,3,-70,DragBcon ,D0:B5:C2:CD:29:49,146564.9008,SM-T713,04-07-17 16:59
210,100,0,3,-65,DragBcon ,D0:B5:C2:CD:2D:E3,146924.2848,SM-T713,04-07-17 16:59
211,100,0,3,-76,DragBcon ,D0:B5:C2:CD:2D:BD,147532.3897,SM-T713,04-07-17 16:59
212,100,0,3,-67,DragBcon ,D0:B5:C2:CD:2D:E3,147921.7626,SM-T713,04-07-17 16:59
213,100,0,3,-68,DragBcon ,D0:B5:C2:CD:2D:BD,148487.2675,SM-T713,04-07-17 16:59
214,100,0,3,-67,DragBcon ,D0:B5:C2:CD:29:49,148562.5658,SM-T713,04-07-17 16:59
215,100,0,3,-68,DragBcon ,D0:B5:C2:CD:2D:BD,149512.7957,SM-T713,04-07-17 16:59
216,100,0,3,-79,DragBcon ,D0:B5:C2:CD:2D:BD,151511.8808,SM-T713,04-07-17 16:59
217,100,0,3,-68,DragBcon ,D0:B5:C2:CD:2D:E3,151965.4306,SM-T713,04-07-17 16:59
218,100,0,3,-83,DragBcon ,D0:B5:C2:CD:2D:BD,152525.3357,SM-T713,04-07-17 16:59
219,100,0,3,-68,DragBcon ,D0:B5:C2:CD:29:49,153751.6532,SM-T713,04-07-17 16:59
220,100,0,3,-68,DragBcon ,D0:B5:C2:CD:2D:E3,152577.2927,SM-T713,04-07-17 16:59
221,100,0,3,-75,DragBcon ,D0:B5:C2:CD:2D:BD,152953.2959,SM-T713,04-07-17 16:59
222,100,0,3,-67,DragBcon ,D0:B5:C2:CD:29:49,153537.561,SM-T713,04-07-17 16:59
223,100,0,3,-65,DragBcon ,D0:B5:C2:CD:2D:E3,153612.9915,SM-T713,04-07-17 16:59
224,100,0,3,-69,DragBcon ,D0:B5:C2:CD:29:49,154977.1622,SM-T713,04-07-17 16:59
225,100,0,3,-66,DragBcon ,D0:B5:C2:CD:2D:E3,155629.4749,SM-T713,04-07-17 16:59
226,100,0,3,-70,DragBcon ,D0:B5:C2:CD:2D:E3,155991.5557,SM-T713,04-07-17 16:59
227,100,0,3,-74,DragBcon ,D0:B5:C2:CD:2D:BD,156986.0315,SM-T713,04-07-17 16:59
228,100,0,3,-62,DragBcon ,D0:B5:C2:CD:29:49,157616.062,SM-T713,04-07-17 16:59
229,100,0,3,-67,DragBcon ,D0:B5:C2:CD:2D:E3,158003.9442,SM-T713,04-07-17 16:59
230,100,0,3,-69,DragBcon ,D0:B5:C2:CD:2D:BD,158576.8115,SM-T713,04-07-17 16:59
231,100,0,3,-66,DragBcon ,D0:B5:C2:CD:29:49,158620.4276,SM-T713,04-07-17 16:59
232,100,0,3,-64,DragBcon ,D0:B5:C2:CD:2D:E3,159011.072,SM-T713,04-07-17 16:59
233,100,0,3,-66,DragBcon ,D0:B5:C2:CD:29:49,159615.6278,SM-T713,04-07-17 16:59
234,100,0,3,-83,DragBcon ,D0:B5:C2:CD:2D:BD,160581.3006,SM-T713,04-07-17 16:59
235,100,0,3,-64,DragBcon ,D0:B5:C2:CD:29:49,160650.2998,SM-T713,04-07-17 16:59
236,100,0,3,-64,DragBcon ,D0:B5:C2:CD:2D:E3,161023.5287,SM-T713,04-07-17 16:59
237,100,0,3,-80,DragBcon ,D0:B5:C2:CD:2D:BD,161578.7334,SM-T713,04-07-17 16:59
238,100,0,3,-69,DragBcon ,D0:B5:C2:CD:29:49,161632.3828,SM-T713,04-07-17 16:59
239,100,0,3,-67,DragBcon ,D0:B5:C2:CD:2D:E3,162035.4147,SM-T713,04-07-17 16:59
240,100,0,3,-84,DragBcon ,D0:B5:C2:CD:2D:BD,162586.7558,SM-T713,04-07-17 16:59
241,100,0,3,-66,DragBcon ,D0:B5:C2:CD:29:49,162648.2187,SM-T713,04-07-17 16:59
242,100,0,3,-67,DragBcon ,D0:B5:C2:CD:2D:E3,163028.3207,SM-T713,04-07-17 16:59
243,100,0,3,-79,DragBcon ,D0:B5:C2:CD:2D:BD,163592.1988,SM-T713,04-07-17 16:59
244,100,0,3,-65,DragBcon ,D0:B5:C2:CD:29:49,163632.9535,SM-T713,04-07-17 16:59
245,100,0,3,-67,DragBcon ,D0:B5:C2:CD:2D:E3,164042.74,SM-T713,04-07-17 16:59
246,100,0,3,-80,DragBcon ,D0:B5:C2:CD:2D:BD,164594.261,SM-T713,04-07-17 16:59
247,100,0,3,-65,DragBcon ,D0:B5:C2:CD:29:49,164640.5056,SM-T713,04-07-17 16:59
248,100,0,3,-66,DragBcon ,D0:B5:C2:CD:2D:E3,165036.1867,SM-T713,04-07-17 16:59
249,100,0,3,-68,DragBcon ,D0:B5:C2:CD:29:49,165623.0685,SM-T713,04-07-17 16:59
250,100,0,3,-68,DragBcon ,D0:B5:C2:CD:2D:E3,166049.6776,SM-T713,04-07-17 16:59
251,100,0,3,-79,DragBcon ,D0:B5:C2:CD:2D:BD,166602.3847,SM-T713,04-07-17 16:59
252,100,0,3,-68,DragBcon ,D0:B5:C2:CD:29:49,166659.0564,SM-T713,04-07-17 16:59
253,100,0,3,-66,DragBcon ,D0:B5:C2:CD:2D:E3,167053.498,SM-T713,04-07-17 16:59
254,100,0,3,-65,DragBcon ,D0:B5:C2:CD:29:49,167656.2771,SM-T713,04-07-17 16:59
255,100,0,3,-66,DragBcon ,D0:B5:C2:CD:2D:E3,168036.2347,SM-T713,04-07-17 16:59
256,100,0,3,-81,DragBcon ,D0:B5:C2:CD:2D:BD,168619.6648,SM-T713,04-07-17 16:59
257,100,0,3,-64,DragBcon ,D0:B5:C2:CD:29:49,168662.7872,SM-T713,04-07-17 16:59
258,100,0,3,-66,DragBcon ,D0:B5:C2:CD:2D:E3,169056.5898,SM-T713,04-07-17 16:59
259,100,0,3,-88,DragBcon ,D0:B5:C2:CD:2D:BD,169619.9553,SM-T713,04-07-17 16:59
260,100,0,3,-65,DragBcon ,D0:B5:C2:CD:29:49,169677.9025,SM-T713,04-07-17 16:59
261,100,0,3,-66,DragBcon ,D0:B5:C2:CD:2D:E3,170064.8294,SM-T713,04-07-17 16:59
262,100,0,3,-72,DragBcon ,D0:B5:C2:CD:2D:BD,170633.6666,SM-T713,04-07-17 16:59
263,100,0,3,-68,DragBcon ,D0:B5:C2:CD:29:49,170705.8061,SM-T713,04-07-17 16:59
264,100,0,3,-64,DragBcon ,D0:B5:C2:CD:2D:E3,171079.2436,SM-T713,04-07-17 16:59
265,100,0,3,-79,DragBcon ,D0:B5:C2:CD:2D:BD,171633.5284,SM-T713,04-07-17 16:59
266,100,0,3,-68,DragBcon ,D0:B5:C2:CD:29:49,171680.4802,SM-T713,04-07-17 16:59
267,100,0,3,-69,DragBcon ,D0:B5:C2:CD:2D:E3,172064.8156,SM-T713,04-07-17 16:59
268,100,0,3,-79,DragBcon ,D0:B5:C2:CD:2D:BD,172632.4261,SM-T713,04-07-17 16:59
269,100,0,3,-68,DragBcon ,D0:B5:C2:CD:29:49,172687.2693,SM-T713,04-07-17 16:59
270,100,0,3,-66,DragBcon ,D0:B5:C2:CD:2D:E3,173070.0024,SM-T713,04-07-17 16:59
271,100,0,3,-79,DragBcon ,D0:B5:C2:CD:2D:BD,173640.2076,SM-T713,04-07-17 16:59
272,100,0,3,-64,DragBcon ,D0:B5:C2:CD:29:49,173689.3466,SM-T713,04-07-17 16:59
273,100,0,3,-66,DragBcon ,D0:B5:C2:CD:2D:E3,174064.8166,SM-T713,04-07-17 16:59
274,100,0,3,-67,DragBcon ,D0:B5:C2:CD:29:49,174684.1944,SM-T713,04-07-17 16:59
275,100,0,3,-75,DragBcon ,D0:B5:C2:CD:2D:BD,175656.4123,SM-T713,04-07-17 16:59
276,100,0,3,-67,DragBcon ,D0:B5:C2:CD:29:49,175718.2831,SM-T713,04-07-17 16:59
277,100,0,3,-66,DragBcon ,D0:B5:C2:CD:2D:E3,176084.9771,SM-T713,04-07-17 16:59
278,100,0,3,-71,DragBcon ,D0:B5:C2:CD:2D:BD,176647.191,SM-T713,04-07-17 16:59
279,100,0,3,-64,DragBcon ,D0:B5:C2:CD:2D:E3,177111.572,SM-T713,04-07-17 16:59
280,100,0,3,-70,DragBcon ,D0:B5:C2:CD:2D:BD,177653.4998,SM-T713,04-07-17 16:59
281,100,0,3,-68,DragBcon ,D0:B5:C2:CD:29:49,177701.3403,SM-T713,04-07-17 16:59
282,100,0,3,-64,DragBcon ,D0:B5:C2:CD:2D:E3,178112.2128,SM-T713,04-07-17 16:59
283,100,0,3,-71,DragBcon ,D0:B5:C2:CD:2D:BD,178659.0715,SM-T713,04-07-17 16:59
284,100,0,3,-66,DragBcon ,D0:B5:C2:CD:29:49,178705.6493,SM-T713,04-07-17 16:59
285,100,0,3,-66,DragBcon ,D0:B5:C2:CD:2D:E3,179113.3938,SM-T713,04-07-17 16:59
286,100,0,3,-85,DragBcon ,D0:B5:C2:CD:2D:BD,181671.7852,SM-T713,04-07-17 16:59
287,100,0,3,-61,DragBcon ,D0:B5:C2:CD:2D:E3,182113.5728,SM-T713,04-07-17 16:59
288,100,0,3,-64,DragBcon ,D0:B5:C2:CD:29:49,182730.9629,SM-T713,04-07-17 16:59
289,100,0,3,-62,DragBcon ,D0:B5:C2:CD:2D:E3,183113.458,SM-T713,04-07-17 16:59
290,100,0,3,-65,DragBcon ,D0:B5:C2:CD:2D:E3,184117.1105,SM-T713,04-07-17 16:59
291,100,0,3,-65,DragBcon ,D0:B5:C2:CD:2D:E3,185123.334,SM-T713,04-07-17 16:59
292,100,0,3,-65,DragBcon ,D0:B5:C2:CD:29:49,186748.267,SM-T713,04-07-17 16:59
293,100,0,3,-64,DragBcon ,D0:B5:C2:CD:2D:E3,188124.3855,SM-T713,04-07-17 16:59
294,100,0,3,-74,DragBcon ,D0:B5:C2:CD:2D:BD,188719.7836,SM-T713,04-07-17 16:59
295,100,0,3,-62,DragBcon ,D0:B5:C2:CD:2D:E3,191155.8071,SM-T713,04-07-17 16:59
296,100,0,3,-63,DragBcon ,D0:B5:C2:CD:2D:E3,192156.131,SM-T713,04-07-17 16:59
297,100,0,3,-76,DragBcon ,D0:B5:C2:CD:2D:BD,192723.7258,SM-T713,04-07-17 16:59
298,100,0,3,-66,DragBcon ,D0:B5:C2:CD:29:49,193795.4192,SM-T713,04-07-17 16:59
299,100,0,3,-65,DragBcon ,D0:B5:C2:CD:29:49,195786.314,SM-T713,04-07-17 16:59
300,100,0,3,-66,DragBcon ,D0:B5:C2:CD:29:49,196809.6737,SM-T713,04-07-17 16:59
301,100,0,3,-65,DragBcon ,D0:B5:C2:CD:2D:E3,197166.8771,SM-T713,04-07-17 16:59
302,100,0,3,-72,DragBcon ,D0:B5:C2:CD:2D:BD,197766.0157,SM-T713,04-07-17 16:59
303,100,0,3,-65,DragBcon ,D0:B5:C2:CD:2D:E3,198160.5631,SM-T713,04-07-17 16:59
304,100,0,3,-82,DragBcon ,D0:B5:C2:CD:2D:BD,198752.3675,SM-T713,04-07-17 16:59
305,100,0,3,-68,DragBcon ,D0:B5:C2:CD:29:49,198813.2507,SM-T713,04-07-17 16:59
306,100,0,3,-62,DragBcon ,D0:B5:C2:CD:2D:E3,199176.7776,SM-T713,04-07-17 16:59
307,100,0,3,-88,DragBcon ,D0:B5:C2:CD:2D:BD,199761.7079,SM-T713,04-07-17 16:59
308,100,0,3,-67,DragBcon ,D0:B5:C2:CD:29:49,199832.635,SM-T713,04-07-17 16:59
309,100,0,3,-62,DragBcon ,D0:B5:C2:CD:2D:E3,200163.9997,SM-T713,04-07-17 16:59
310,100,0,3,-84,DragBcon ,D0:B5:C2:CD:2D:BD,200777.4483,SM-T713,04-07-17 16:59
311,100,0,3,-68,DragBcon ,D0:B5:C2:CD:29:49,200845.8398,SM-T713,04-07-17 16:59
312,100,0,3,-61,DragBcon ,D0:B5:C2:CD:2D:E3,201190.0732,SM-T713,04-07-17 16:59
313,100,0,3,-78,DragBcon ,D0:B5:C2:CD:2D:BD,201776.7803,SM-T713,04-07-17 16:59
314,100,0,3,-65,DragBcon ,D0:B5:C2:CD:2D:E3,202183.9125,SM-T713,04-07-17 16:59
315,100,0,3,-66,DragBcon ,D0:B5:C2:CD:29:49,203837.4533,SM-T713,04-07-17 16:59
316,100,0,3,-63,DragBcon ,D0:B5:C2:CD:2D:E3,204189.5903,SM-T713,04-07-17 16:59
317,100,0,3,-82,DragBcon ,D0:B5:C2:CD:2D:BD,204791.7316,SM-T713,04-07-17 16:59
318,100,0,3,-65,DragBcon ,D0:B5:C2:CD:29:49,204855.6238,SM-T713,04-07-17 16:59
319,100,0,3,-66,DragBcon ,D0:B5:C2:CD:2D:E3,205181.0181,SM-T713,04-07-17 16:59
320,100,0,3,-84,DragBcon ,D0:B5:C2:CD:2D:BD,205783.0754,SM-T713,04-07-17 16:59
321,100,0,3,-65,DragBcon ,D0:B5:C2:CD:29:49,205842.0674,SM-T713,04-07-17 16:59
322,100,0,3,-66,DragBcon ,D0:B5:C2:CD:2D:E3,206185.8775,SM-T713,04-07-17 16:59
323,100,0,3,-64,DragBcon ,D0:B5:C2:CD:29:49,206866.3752,SM-T713,04-07-17 16:59
324,100,0,3,-66,DragBcon ,D0:B5:C2:CD:2D:E3,207190.3227,SM-T713,04-07-17 16:59
325,100,0,3,-72,DragBcon ,D0:B5:C2:CD:2D:BD,207811.2856,SM-T713,04-07-17 16:59
326,100,0,3,-65,DragBcon ,D0:B5:C2:CD:29:49,207882.0552,SM-T713,04-07-17 16:59
327,100,0,3,-63,DragBcon ,D0:B5:C2:CD:2D:E3,208209.9836,SM-T713,04-07-17 16:59
328,100,0,3,-66,DragBcon ,D0:B5:C2:CD:29:49,208860.2349,SM-T713,04-07-17 16:59
329,100,0,3,-65,DragBcon ,D0:B5:C2:CD:29:49,209846.3836,SM-T713,04-07-17 16:59
330,100,0,3,-74,DragBcon ,D0:B5:C2:CD:29:49,210870.113,SM-T713,04-07-17 16:59
331,100,0,3,-81,DragBcon ,D0:B5:C2:CD:2D:BD,214838.7023,SM-T713,04-07-17 16:59
332,100,0,3,-82,DragBcon ,D0:B5:C2:CD:2D:BD,215844.2997,SM-T713,04-07-17 16:59
333,100,0,3,-68,DragBcon ,D0:B5:C2:CD:29:49,221902.3066,SM-T713,04-07-17 16:59
334,100,0,3,-68,DragBcon ,D0:B5:C2:CD:29:49,222921.7427,SM-T713,04-07-17 16:59
335,100,0,3,-82,DragBcon ,D0:B5:C2:CD:2D:BD,223884.2727,SM-T713,04-07-17 16:59
336,100,0,3,-64,DragBcon ,D0:B5:C2:CD:29:49,223955.4191,SM-T713,04-07-17 16:59
337,100,0,3,-77,DragBcon ,D0:B5:C2:CD:2D:BD,224893.2435,SM-T713,04-07-17 16:59
338,100,0,3,-66,DragBcon ,D0:B5:C2:CD:29:49,226926.7704,SM-T713,04-07-17 16:59
339,100,0,3,-74,DragBcon ,D0:B5:C2:CD:2D:BD,227899.3796,SM-T713,04-07-17 16:59
340,100,0,3,-67,DragBcon ,D0:B5:C2:CD:29:49,227954.0202,SM-T713,04-07-17 16:59
341,100,0,3,-75,DragBcon ,D0:B5:C2:CD:2D:BD,228904.6216,SM-T713,04-07-17 16:59
342,100,0,3,-63,DragBcon ,D0:B5:C2:CD:2D:E3,229314.5633,SM-T713,04-07-17 16:59
343,100,0,3,-67,DragBcon ,D0:B5:C2:CD:29:49,229945.0562,SM-T713,04-07-17 16:59
344,100,0,3,-64,DragBcon ,D0:B5:C2:CD:2D:E3,232322.5535,SM-T713,04-07-17 16:59
345,100,0,3,-67,DragBcon ,D0:B5:C2:CD:29:49,232959.9896,SM-T713,04-07-17 16:59
346,100,0,3,-68,DragBcon ,D0:B5:C2:CD:29:49,233959.9084,SM-T713,04-07-17 16:59
347,100,0,3,-74,DragBcon ,D0:B5:C2:CD:2D:BD,234939.0531,SM-T713,04-07-17 16:59
348,100,0,3,-66,DragBcon ,D0:B5:C2:CD:29:49,234993.5512,SM-T713,04-07-17 16:59
349,100,0,3,-80,DragBcon ,D0:B5:C2:CD:2D:BD,235949.8636,SM-T713,04-07-17 16:59
350,100,0,3,-62,DragBcon ,D0:B5:C2:CD:2D:E3,236343.6321,SM-T713,04-07-17 16:59
351,100,0,3,-80,DragBcon ,D0:B5:C2:CD:2D:BD,236966.3124,SM-T713,04-07-17 16:59
352,100,0,3,-67,DragBcon ,D0:B5:C2:CD:29:49,236991.1282,SM-T713,04-07-17 16:59
353,100,0,3,-62,DragBcon ,D0:B5:C2:CD:2D:E3,237359.2647,SM-T713,04-07-17 16:59
354,100,0,3,-68,DragBcon ,D0:B5:C2:CD:29:49,237984.3654,SM-T713,04-07-17 16:59
355,100,0,3,-62,DragBcon ,D0:B5:C2:CD:2D:E3,238376.7956,SM-T713,04-07-17 16:59
356,100,0,3,-67,DragBcon ,D0:B5:C2:CD:29:49,238993.6692,SM-T713,04-07-17 16:59
357,100,0,3,-75,DragBcon ,D0:B5:C2:CD:2D:BD,239977.3875,SM-T713,04-07-17 16:59
358,100,0,3,-67,DragBcon ,D0:B5:C2:CD:2D:E3,240369.5618,SM-T713,04-07-17 16:59
359,100,0,3,-80,DragBcon ,D0:B5:C2:CD:2D:BD,240982.9782,SM-T713,04-07-17 16:59
360,100,0,3,-67,DragBcon ,D0:B5:C2:CD:2D:E3,241374.7782,SM-T713,04-07-17 16:59
361,100,0,3,-73,DragBcon ,D0:B5:C2:CD:2D:BD,241975.176,SM-T713,04-07-17 16:59
362,100,0,3,-68,DragBcon ,D0:B5:C2:CD:2D:E3,242384.3049,SM-T713,04-07-17 16:59
363,100,0,3,-74,DragBcon ,D0:B5:C2:CD:2D:BD,242990.5918,SM-T713,04-07-17 16:59
364,100,0,3,-66,DragBcon ,D0:B5:C2:CD:2D:E3,243388.2616,SM-T713,04-07-17 16:59
365,100,0,3,-66,DragBcon ,D0:B5:C2:CD:29:49,243993.2495,SM-T713,04-07-17 16:59
366,100,0,3,-66,DragBcon ,D0:B5:C2:CD:2D:E3,244387.7119,SM-T713,04-07-17 16:59
367,100,0,3,-67,DragBcon ,D0:B5:C2:CD:2D:E3,245390.5958,SM-T713,04-07-17 16:59
368,100,0,3,-80,DragBcon ,D0:B5:C2:CD:2D:BD,245981.0317,SM-T713,04-07-17 16:59
369,100,0,3,-64,DragBcon ,D0:B5:C2:CD:2D:E3,246413.8137,SM-T713,04-07-17 16:59
370,100,0,3,-81,DragBcon ,D0:B5:C2:CD:2D:BD,246989.6219,SM-T713,04-07-17 16:59
371,100,0,3,-66,DragBcon ,D0:B5:C2:CD:29:49,247031.5179,SM-T713,04-07-17 16:59
372,100,0,3,-64,DragBcon ,D0:B5:C2:CD:2D:E3,247421.9543,SM-T713,04-07-17 16:59
373,100,0,3,-81,DragBcon ,D0:B5:C2:CD:2D:BD,248005.9812,SM-T713,04-07-17 16:59
374,100,0,3,-67,DragBcon ,D0:B5:C2:CD:29:49,248018.6433,SM-T713,04-07-17 16:59
375,100,0,3,-65,DragBcon ,D0:B5:C2:CD:2D:E3,248414.7599,SM-T713,04-07-17 16:59
376,100,0,3,-64,DragBcon ,D0:B5:C2:CD:29:49,249024.8905,SM-T713,04-07-17 16:59
377,100,0,3,-68,DragBcon ,D0:B5:C2:CD:2D:E3,249412.4745,SM-T713,04-07-17 16:59
378,100,0,3,-77,DragBcon ,D0:B5:C2:CD:2D:BD,250004.0099,SM-T713,04-07-17 16:59
379,100,0,3,-65,DragBcon ,D0:B5:C2:CD:29:49,250032.8576,SM-T713,04-07-17 16:59
380,100,0,3,-68,DragBcon ,D0:B5:C2:CD:2D:E3,250426.7331,SM-T713,04-07-17 16:59
381,100,0,3,-75,DragBcon ,D0:B5:C2:CD:2D:BD,251007.3226,SM-T713,04-07-17 16:59
382,100,0,3,-64,DragBcon ,D0:B5:C2:CD:29:49,251037.5693,SM-T713,04-07-17 16:59
383,100,0,3,-68,DragBcon ,D0:B5:C2:CD:2D:E3,251425.3108,SM-T713,04-07-17 16:59
384,100,0,3,-74,DragBcon ,D0:B5:C2:CD:2D:BD,252032.5523,SM-T713,04-07-17 16:59
385,100,0,3,-65,DragBcon ,D0:B5:C2:CD:29:49,252054.1198,SM-T713,04-07-17 16:59
386,100,0,3,-67,DragBcon ,D0:B5:C2:CD:29:49,253054.1952,SM-T713,04-07-17 16:59
387,100,0,3,-65,DragBcon ,D0:B5:C2:CD:2D:E3,253443.3371,SM-T713,04-07-17 16:59
388,100,0,3,-81,DragBcon ,D0:B5:C2:CD:2D:BD,254034.9118,SM-T713,04-07-17 16:59
389,100,0,3,-67,DragBcon ,D0:B5:C2:CD:29:49,254060.1999,SM-T713,04-07-17 16:59
390,100,0,3,-65,DragBcon ,D0:B5:C2:CD:2D:E3,254447.2256,SM-T713,04-07-17 16:59
391,100,0,3,-76,DragBcon ,D0:B5:C2:CD:2D:BD,256041.3082,SM-T713,04-07-17 16:59
392,100,0,3,-79,DragBcon ,D0:B5:C2:CD:2D:BD,257048.8961,SM-T713,04-07-17 16:59
393,100,0,3,-63,DragBcon ,D0:B5:C2:CD:29:49,257072.8959,SM-T713,04-07-17 16:59
394,100,0,3,-73,DragBcon ,D0:B5:C2:CD:2D:BD,258046.2346,SM-T713,04-07-17 16:59
395,100,0,3,-74,DragBcon ,D0:B5:C2:CD:2D:BD,260056.3249,SM-T713,04-07-17 16:59
396,100,0,3,-72,DragBcon ,D0:B5:C2:CD:2D:BD,261062.0899,SM-T713,04-07-17 16:59
397,100,0,3,-77,DragBcon ,D0:B5:C2:CD:2D:BD,263066.1051,SM-T713,04-07-17 16:59
398,100,0,3,-65,DragBcon ,D0:B5:C2:CD:2D:E3,265070.1203,SM-T713,04-07-17 16:59
399,100,0,3,-69,DragBcon ,D0:B5:C2:CD:2D:BD,265071.3459,SM-T713,04-07-17 16:59
400,100,0,3,-66,DragBcon ,D0:B5:C2:CD:29:49,270147.9284,SM-T713,04-07-17 16:59
401,100,0,3,-66,DragBcon ,D0:B5:C2:CD:2D:E3,272518.2843,SM-T713,04-07-17 16:59
402,100,0,3,-65,DragBcon ,D0:B5:C2:CD:29:49,273136.5761,SM-T713,04-07-17 16:59
403,100,0,3,-66,DragBcon ,D0:B5:C2:CD:29:49,275143.4565,SM-T713,04-07-17 16:59
404,100,0,3,-81,DragBcon ,D0:B5:C2:CD:2D:BD,276128.9429,SM-T713,04-07-17 16:59
405,100,0,3,-66,DragBcon ,D0:B5:C2:CD:29:49,277151.4521,SM-T713,04-07-17 16:59
406,100,0,3,-67,DragBcon ,D0:B5:C2:CD:2D:E3,277520.9253,SM-T713,04-07-17 16:59
407,100,0,3,-66,DragBcon ,D0:B5:C2:CD:29:49,278157.6129,SM-T713,04-07-17 16:59
408,100,0,3,-67,DragBcon ,D0:B5:C2:CD:2D:E3,278534.5184,SM-T713,04-07-17 16:59
409,100,0,3,-67,DragBcon ,D0:B5:C2:CD:29:49,279180.5334,SM-T713,04-07-17 16:59
410,100,0,3,-66,DragBcon ,D0:B5:C2:CD:2D:E3,279532.5994,SM-T713,04-07-17 16:59
411,100,0,3,-66,DragBcon ,D0:B5:C2:CD:29:49,280178.397,SM-T713,04-07-17 16:59
412,100,0,3,-65,DragBcon ,D0:B5:C2:CD:2D:E3,280537.7266,SM-T713,04-07-17 16:59
413,100,0,3,-72,DragBcon ,D0:B5:C2:CD:2D:BD,282158.2976,SM-T713,04-07-17 16:59
414,100,0,3,-66,DragBcon ,D0:B5:C2:CD:29:49,282173.7648,SM-T713,04-07-17 16:59
415,100,0,3,-66,DragBcon ,D0:B5:C2:CD:2D:E3,282551.4816,SM-T713,04-07-17 16:59
416,100,0,3,-71,DragBcon ,D0:B5:C2:CD:2D:BD,283168.5108,SM-T713,04-07-17 16:59
417,100,0,3,-64,DragBcon ,D0:B5:C2:CD:2D:E3,283555.8539,SM-T713,04-07-17 16:59
418,100,0,3,-70,DragBcon ,D0:B5:C2:CD:2D:BD,284161.4148,SM-T713,04-07-17 16:59
419,100,0,3,-64,DragBcon ,D0:B5:C2:CD:2D:E3,284543.696,SM-T713,04-07-17 16:59
420,100,0,3,-67,DragBcon ,D0:B5:C2:CD:29:49,285201.9545,SM-T713,04-07-17 16:59
421,100,0,3,-64,DragBcon ,D0:B5:C2:CD:2D:E3,285558.3038,SM-T713,04-07-17 16:59
422,100,0,3,-76,DragBcon ,D0:B5:C2:CD:2D:BD,286151.122,SM-T713,04-07-17 16:59
423,100,0,3,-66,DragBcon ,D0:B5:C2:CD:2D:E3,286551.9609,SM-T713,04-07-17 16:59
424,100,0,3,-73,DragBcon ,D0:B5:C2:CD:2D:BD,287165.3412,SM-T713,04-07-17 16:59
425,100,0,3,-66,DragBcon ,D0:B5:C2:CD:29:49,287224.2042,SM-T713,04-07-17 16:59
426,100,0,3,-66,DragBcon ,D0:B5:C2:CD:2D:E3,287559.1247,SM-T713,04-07-17 16:59
427,100,0,3,-74,DragBcon ,D0:B5:C2:CD:2D:BD,288185.9311,SM-T713,04-07-17 16:59
428,100,0,3,-67,DragBcon ,D0:B5:C2:CD:29:49,288255.3129,SM-T713,04-07-17 16:59
429,100,0,3,-66,DragBcon ,D0:B5:C2:CD:2D:E3,288557.4753,SM-T713,04-07-17 16:59
430,100,0,3,-70,DragBcon ,D0:B5:C2:CD:2D:BD,290203.4894,SM-T713,04-07-17 16:59
431,100,0,3,-64,DragBcon ,D0:B5:C2:CD:2D:E3,291566.6305,SM-T713,04-07-17 16:59
432,100,0,3,-64,DragBcon ,D0:B5:C2:CD:2D:E3,294593.4991,SM-T713,04-07-17 16:59
433,100,0,3,-65,DragBcon ,D0:B5:C2:CD:2D:E3,295582.7724,SM-T713,04-07-17 16:59
434,100,0,3,-66,DragBcon ,D0:B5:C2:CD:29:49,296249.1816,SM-T713,04-07-17 16:59
435,100,0,3,-71,DragBcon ,D0:B5:C2:CD:2D:BD,297229.4757,SM-T713,04-07-17 16:59
436,100,0,3,-66,DragBcon ,D0:B5:C2:CD:29:49,300264.3981,SM-T713,04-07-17 16:59
437,100,0,3,-69,DragBcon ,D0:B5:C2:CD:2D:BD,301256.8134,SM-T713,04-07-17 16:59
438,100,0,3,-68,DragBcon ,D0:B5:C2:CD:29:49,303266.1115,SM-T713,04-07-17 16:59
439,100,0,3,-67,DragBcon ,D0:B5:C2:CD:2D:E3,303645.0527,SM-T713,04-07-17 16:59
440,100,0,3,-64,DragBcon ,D0:B5:C2:CD:29:49,305302.1662,SM-T713,04-07-17 16:59
441,100,0,3,-66,DragBcon ,D0:B5:C2:CD:2D:E3,305636.2715,SM-T713,04-07-17 16:59
442,100,0,3,-76,DragBcon ,D0:B5:C2:CD:2D:BD,309313.8485,SM-T713,04-07-17 16:59
443,100,0,3,-70,DragBcon ,D0:B5:C2:CD:2D:BD,310304.2649,SM-T713,04-07-17 16:59
444,100,0,3,-74,DragBcon ,D0:B5:C2:CD:2D:BD,311301.7566,SM-T713,04-07-17 16:59
445,100,0,3,-75,DragBcon ,D0:B5:C2:CD:2D:BD,313324.6455,SM-T713,04-07-17 16:59
446,100,0,3,-76,DragBcon ,D0:B5:C2:CD:2D:BD,314324.8433,SM-T713,04-07-17 16:59
447,100,0,3,-64,DragBcon ,D0:B5:C2:CD:29:49,315335.2489,SM-T713,04-07-17 16:59
448,100,0,3,-67,DragBcon ,D0:B5:C2:CD:29:49,316338.6805,SM-T713,04-07-17 16:59
449,100,0,3,-77,DragBcon ,D0:B5:C2:CD:2D:BD,317342.2159,SM-T713,04-07-17 16:59
450,100,0,3,-64,DragBcon ,D0:B5:C2:CD:2D:E3,318345.7513,SM-T713,04-07-17 16:59
451,100,0,3,-66,DragBcon ,D0:B5:C2:CD:29:49,319355.8432,SM-T713,04-07-17 16:59
452,100,0,3,-64,DragBcon ,D0:B5:C2:CD:2D:E3,319707.1261,SM-T713,04-07-17 16:59
453,100,0,3,-74,DragBcon ,D0:B5:C2:CD:2D:BD,320337.8428,SM-T713,04-07-17 16:59
454,100,0,3,-78,DragBcon ,D0:B5:C2:CD:2D:BD,321347.9194,SM-T713,04-07-17 16:59
455,100,0,3,-68,DragBcon ,D0:B5:C2:CD:2D:E3,322725.2253,SM-T713,04-07-17 16:59
456,100,0,3,-68,DragBcon ,D0:B5:C2:CD:2D:E3,325734.6149,SM-T713,04-07-17 16:59
457,100,0,3,-66,DragBcon ,D0:B5:C2:CD:29:49,327373.359,SM-T713,04-07-17 16:59
458,100,0,3,-74,DragBcon ,D0:B5:C2:CD:2D:BD,328376.7719,SM-T713,04-07-17 16:59
459,100,0,3,-65,DragBcon ,D0:B5:C2:CD:29:49,330391.1708,SM-T713,04-07-17 16:59
460,100,0,3,-67,DragBcon ,D0:B5:C2:CD:2D:E3,330755.3882,SM-T713,04-07-17 16:59
461,100,0,3,-65,DragBcon ,D0:B5:C2:CD:29:49,331382.4428,SM-T713,04-07-17 16:59
462,100,0,3,-65,DragBcon ,D0:B5:C2:CD:2D:E3,333776.7747,SM-T713,04-07-17 16:59
463,100,0,3,-65,DragBcon ,D0:B5:C2:CD:2D:E3,334785.7375,SM-T713,04-07-17 16:59
464,100,0,3,-66,DragBcon ,D0:B5:C2:CD:29:49,335413.072,SM-T713,04-07-17 16:59
465,100,0,3,-70,DragBcon ,D0:B5:C2:CD:2D:BD,335422.2118,SM-T713,04-07-17 16:59
466,100,0,3,-66,DragBcon ,D0:B5:C2:CD:29:49,337432.3404,SM-T713,04-07-17 16:59
467,100,0,3,-74,DragBcon ,D0:B5:C2:CD:2D:BD,338439.269,SM-T713,04-07-17 16:59
468,100,0,3,-64,DragBcon ,D0:B5:C2:CD:29:49,339439.5186,SM-T713,04-07-17 16:59
469,100,0,3,-65,DragBcon ,D0:B5:C2:CD:29:49,340444.5751,SM-T713,04-07-17 16:59
470,100,0,3,-66,DragBcon ,D0:B5:C2:CD:29:49,342454.0518,SM-T713,04-07-17 16:59
471,100,0,3,-74,DragBcon ,D0:B5:C2:CD:2D:BD,343451.1178,SM-T713,04-07-17 16:59
472,100,0,3,-71,DragBcon ,D0:B5:C2:CD:2D:BD,344455.9384,SM-T713,04-07-17 16:59
473,100,0,3,-64,DragBcon ,D0:B5:C2:CD:29:49,357547.1753,SM-T713,04-07-17 16:59
474,100,0,3,-74,DragBcon ,D0:B5:C2:CD:2D:BD,363550.5912,SM-T713,04-07-17 16:59
475,100,0,3,-70,DragBcon ,D0:B5:C2:CD:2D:E3,368962.1016,SM-T713,04-07-17 16:59
476,100,0,3,-78,DragBcon ,D0:B5:C2:CD:2D:BD,372603.3771,SM-T713,04-07-17 16:59
477,100,0,3,-72,DragBcon ,D0:B5:C2:CD:2D:BD,373598.4329,SM-T713,04-07-17 16:59
478,100,0,3,-64,DragBcon ,D0:B5:C2:CD:29:49,373636.7719,SM-T713,04-07-17 16:59
479,100,0,3,-70,DragBcon ,D0:B5:C2:CD:2D:E3,373989.633,SM-T713,04-07-17 16:59
480,100,0,3,-72,DragBcon ,D0:B5:C2:CD:2D:BD,375604.6799,SM-T713,04-07-17 16:59
481,100,0,3,-65,DragBcon ,D0:B5:C2:CD:29:49,375636.8575,SM-T713,04-07-17 16:59
482,100,0,3,-68,DragBcon ,D0:B5:C2:CD:2D:E3,376013.0582,SM-T713,04-07-17 16:59
483,100,0,3,-69,DragBcon ,D0:B5:C2:CD:29:49,376636.6127,SM-T713,04-07-17 16:59
484,100,0,3,-68,DragBcon ,D0:B5:C2:CD:2D:BD,378622.8072,SM-T713,04-07-17 16:59
485,100,0,3,-70,DragBcon ,D0:B5:C2:CD:2D:BD,379653.2855,SM-T713,04-07-17 16:59
486,100,0,3,-64,DragBcon ,D0:B5:C2:CD:2D:E3,380033.2377,SM-T713,04-07-17 16:59
487,100,0,3,-75,DragBcon ,D0:B5:C2:CD:2D:BD,380645.3568,SM-T713,04-07-17 16:59
488,100,0,3,-72,DragBcon ,D0:B5:C2:CD:2D:BD,381660.6177,SM-T713,04-07-17 16:59
489,100,0,3,-73,DragBcon ,D0:B5:C2:CD:2D:BD,382666.6133,SM-T713,04-07-17 16:59
490,100,0,3,-69,DragBcon ,D0:B5:C2:CD:29:49,382677.2346,SM-T713,04-07-17 16:59
491,100,0,3,-80,DragBcon ,D0:B5:C2:CD:2D:E3,383063.9848,SM-T713,04-07-17 16:59
492,100,0,3,-67,DragBcon ,D0:B5:C2:CD:2D:BD,383678.7752,SM-T713,04-07-17 16:59
493,100,0,3,-62,DragBcon ,D0:B5:C2:CD:29:49,383697.2899,SM-T713,04-07-17 16:59
494,100,0,3,-69,DragBcon ,D0:B5:C2:CD:2D:BD,384677.3782,SM-T713,04-07-17 16:59
495,100,0,3,-63,DragBcon ,D0:B5:C2:CD:29:49,384701.0569,SM-T713,04-07-17 16:59
496,100,0,3,-62,DragBcon ,D0:B5:C2:CD:29:49,385689.1789,SM-T713,04-07-17 16:59
497,100,0,3,-69,DragBcon ,D0:B5:C2:CD:2D:E3,386054.0599,SM-T713,04-07-17 16:59
498,100,0,3,-78,DragBcon ,D0:B5:C2:CD:2D:BD,386677.4274,SM-T713,04-07-17 16:59
499,100,0,3,-81,DragBcon ,D0:B5:C2:CD:2D:E3,389078.9099,SM-T713,04-07-17 16:59
500,100,0,3,-67,DragBcon ,D0:B5:C2:CD:2D:BD,389690.931,SM-T713,04-07-17 16:59
501,100,0,3,-74,DragBcon ,D0:B5:C2:CD:2D:E3,391092.8161,SM-T713,04-07-17 16:59
502,100,0,3,-77,DragBcon ,D0:B5:C2:CD:2D:BD,392494.7012,SM-T713,04-07-17 16:59
503,100,0,3,-69,DragBcon ,D0:B5:C2:CD:2D:E3,392083.4411,SM-T713,04-07-17 16:59
504,100,0,3,-66,DragBcon ,D0:B5:C2:CD:29:49,392723.6697,SM-T713,04-07-17 16:59
505,100,0,3,-67,DragBcon ,D0:B5:C2:CD:2D:E3,393103.4499,SM-T713,04-07-17 16:59
506,100,0,3,-73,DragBcon ,D0:B5:C2:CD:2D:BD,393708.9081,SM-T713,04-07-17 16:59
507,100,0,3,-69,DragBcon ,D0:B5:C2:CD:29:49,393746.4705,SM-T713,04-07-17 16:59
508,100,0,3,-68,DragBcon ,D0:B5:C2:CD:2D:E3,394111.216,SM-T713,04-07-17 16:59
509,100,0,3,-72,DragBcon ,D0:B5:C2:CD:29:49,394717.4907,SM-T713,04-07-17 16:59
510,100,0,3,-68,DragBcon ,D0:B5:C2:CD:29:49,395726.201,SM-T713,04-07-17 16:59
511,100,0,3,-66,DragBcon ,D0:B5:C2:CD:2D:BD,396724.6365,SM-T713,04-07-17 16:59
512,100,0,3,-68,DragBcon ,D0:B5:C2:CD:29:49,396744.0242,SM-T713,04-07-17 16:59
513,100,0,3,-70,DragBcon ,D0:B5:C2:CD:2D:E3,397126.5875,SM-T713,04-07-17 16:59
514,100,0,3,-69,DragBcon ,D0:B5:C2:CD:29:49,397724.7948,SM-T713,04-07-17 16:59
515,100,0,3,-73,DragBcon ,D0:B5:C2:CD:2D:E3,398135.4525,SM-T713,04-07-17 16:59
516,100,0,3,-69,DragBcon ,D0:B5:C2:CD:2D:BD,398727.5149,SM-T713,04-07-17 16:59
517,100,0,3,-73,DragBcon ,D0:B5:C2:CD:2D:E3,399122.3832,SM-T713,04-07-17 16:59
518,100,0,3,-69,DragBcon ,D0:B5:C2:CD:2D:BD,399714.464,SM-T713,04-07-17 16:59
519,100,0,3,-65,DragBcon ,D0:B5:C2:CD:29:49,399773.0163,SM-T713,04-07-17 16:59
520,100,0,3,-65,DragBcon ,D0:B5:C2:CD:2D:E3,400129.07,SM-T713,04-07-17 16:59
521,100,0,3,-64,DragBcon ,D0:B5:C2:CD:29:49,400736.5847,SM-T713,04-07-17 16:59
522,100,0,3,-67,DragBcon ,D0:B5:C2:CD:2D:E3,401137.4225,SM-T713,04-07-17 16:59
523,100,0,3,-64,DragBcon ,D0:B5:C2:CD:29:49,401764.1494,SM-T713,04-07-17 16:59
524,100,0,3,-73,DragBcon ,D0:B5:C2:CD:2D:BD,402752.8031,SM-T713,04-07-17 16:59
525,100,0,3,-60,DragBcon ,D0:B5:C2:CD:29:49,402766.7482,SM-T713,04-07-17 16:59
526,100,0,3,-68,DragBcon ,D0:B5:C2:CD:2D:E3,403159.3715,SM-T713,04-07-17 16:59
527,100,0,3,-76,DragBcon ,D0:B5:C2:CD:2D:BD,407782.7764,SM-T713,04-07-17 16:59
528,100,0,3,-70,DragBcon ,D0:B5:C2:CD:29:49,407793.3935,SM-T713,04-07-17 16:59
529,100,0,3,-68,DragBcon ,D0:B5:C2:CD:2D:E3,408195.3967,SM-T713,04-07-17 16:59
530,100,0,3,-78,DragBcon ,D0:B5:C2:CD:2D:BD,403762.8347,SM-T713,04-07-17 16:59
531,100,0,3,-60,DragBcon ,D0:B5:C2:CD:29:49,403787.0424,SM-T713,04-07-17 16:59
532,100,0,3,-85,DragBcon ,D0:B5:C2:CD:2D:BD,404760.5274,SM-T713,04-07-17 16:59
533,100,0,3,-73,DragBcon ,D0:B5:C2:CD:29:49,404787.8157,SM-T713,04-07-17 16:59
534,100,0,3,-67,DragBcon ,D0:B5:C2:CD:2D:E3,405161.9571,SM-T713,04-07-17 16:59
535,100,0,3,-65,DragBcon ,D0:B5:C2:CD:2D:E3,406172.4413,SM-T713,04-07-17 16:59
536,100,0,3,-72,DragBcon ,D0:B5:C2:CD:2D:BD,406761.7825,SM-T713,04-07-17 16:59
537,100,0,3,-76,DragBcon ,D0:B5:C2:CD:29:49,406792.8731,SM-T713,04-07-17 16:59
538,100,0,3,-71,DragBcon ,D0:B5:C2:CD:2D:BD,412797.5816,SM-T713,04-07-17 16:59
539,100,0,3,-71,DragBcon ,D0:B5:C2:CD:29:49,412816.738,SM-T713,04-07-17 16:59
540,100,0,3,-64,DragBcon ,D0:B5:C2:CD:2D:E3,413215.8743,SM-T713,04-07-17 16:59
541,100,0,3,-72,DragBcon ,D0:B5:C2:CD:29:49,408780.9339,SM-T713,04-07-17 16:59
542,100,0,3,-71,DragBcon ,D0:B5:C2:CD:2D:BD,409783.1141,SM-T713,04-07-17 16:59
543,100,0,3,-72,DragBcon ,D0:B5:C2:CD:29:49,409801.1854,SM-T713,04-07-17 16:59
544,100,0,3,-65,DragBcon ,D0:B5:C2:CD:2D:E3,410203.1457,SM-T713,04-07-17 16:59
545,100,0,3,-74,DragBcon ,D0:B5:C2:CD:2D:BD,410786.4757,SM-T713,04-07-17 16:59
546,100,0,3,-72,DragBcon ,D0:B5:C2:CD:29:49,410811.4707,SM-T713,04-07-17 16:59
547,100,0,3,-66,DragBcon ,D0:B5:C2:CD:2D:E3,411212.1734,SM-T713,04-07-17 16:59
548,100,0,3,-78,DragBcon ,D0:B5:C2:CD:2D:BD,411795.9271,SM-T713,04-07-17 16:59
549,100,0,3,-64,DragBcon ,D0:B5:C2:CD:29:49,411814.0705,SM-T713,04-07-17 16:59
550,100,0,3,-66,DragBcon ,D0:B5:C2:CD:2D:E3,412202.3517,SM-T713,04-07-17 16:59
551,100,0,3,-68,DragBcon ,D0:B5:C2:CD:2D:E3,415230.1771,SM-T713,04-07-17 16:59
552,100,0,3,-73,DragBcon ,D0:B5:C2:CD:2D:BD,415828.4475,SM-T713,04-07-17 16:59
553,100,0,3,-72,DragBcon ,D0:B5:C2:CD:2D:E3,416236.0485,SM-T713,04-07-17 16:59
554,100,0,3,-84,DragBcon ,D0:B5:C2:CD:2D:BD,416643.6495,SM-T713,04-07-17 16:59
555,100,0,3,-67,DragBcon ,D0:B5:C2:CD:2D:E3,417238.7892,SM-T713,04-07-17 16:59
556,100,0,3,-75,DragBcon ,D0:B5:C2:CD:2D:BD,417826.3752,SM-T713,04-07-17 16:59
557,100,0,3,-65,DragBcon ,D0:B5:C2:CD:29:49,417843.8595,SM-T713,04-07-17 16:59
558,100,0,3,-68,DragBcon ,D0:B5:C2:CD:2D:E3,418227.3669,SM-T713,04-07-17 16:59
559,100,0,3,-65,DragBcon ,D0:B5:C2:CD:29:49,418836.2308,SM-T713,04-07-17 16:59
560,100,0,3,-69,DragBcon ,D0:B5:C2:CD:2D:E3,419244.5156,SM-T713,04-07-17 16:59
561,100,0,3,-81,DragBcon ,D0:B5:C2:CD:2D:BD,419841.6004,SM-T713,04-07-17 16:59
562,100,0,3,-65,DragBcon ,D0:B5:C2:CD:29:49,419882.9163,SM-T713,04-07-17 16:59
563,100,0,3,-69,DragBcon ,D0:B5:C2:CD:2D:E3,420250.5953,SM-T713,04-07-17 16:59
564,100,0,3,-74,DragBcon ,D0:B5:C2:CD:2D:BD,420845.0376,SM-T713,04-07-17 16:59
565,100,0,3,-64,DragBcon ,D0:B5:C2:CD:2D:E3,422243.7467,SM-T713,04-07-17 16:59
566,100,0,3,-78,DragBcon ,D0:B5:C2:CD:2D:BD,422859.7217,SM-T713,04-07-17 16:59
567,100,0,3,-67,DragBcon ,D0:B5:C2:CD:29:49,422879.3015,SM-T713,04-07-17 16:59
568,100,0,3,-67,DragBcon ,D0:B5:C2:CD:29:49,423860.6503,SM-T713,04-07-17 16:59
569,100,0,3,-65,DragBcon ,D0:B5:C2:CD:2D:E3,424250.6207,SM-T713,04-07-17 16:59
570,100,0,3,-80,DragBcon ,D0:B5:C2:CD:2D:BD,424887.3348,SM-T713,04-07-17 16:59
571,100,0,3,-65,DragBcon ,D0:B5:C2:CD:29:49,424911.9225,SM-T713,04-07-17 16:59
572,100,0,3,-69,DragBcon ,D0:B5:C2:CD:2D:E3,425282.9456,SM-T713,04-07-17 16:59
573,100,0,3,-74,DragBcon ,D0:B5:C2:CD:29:49,425878.7567,SM-T713,04-07-17 16:59
574,100,0,3,-80,DragBcon ,D0:B5:C2:CD:2D:BD,425889.9338,SM-T713,04-07-17 16:59
575,100,0,3,-65,DragBcon ,D0:B5:C2:CD:29:49,426875.5021,SM-T713,04-07-17 16:59
576,100,0,3,-79,DragBcon ,D0:B5:C2:CD:2D:BD,426893.162,SM-T713,04-07-17 16:59
577,100,0,3,-69,DragBcon ,D0:B5:C2:CD:2D:E3,427281.5936,SM-T713,04-07-17 16:59
578,100,0,3,-72,DragBcon ,D0:B5:C2:CD:29:49,428891.3994,SM-T713,04-07-17 16:59
579,100,0,3,-72,DragBcon ,D0:B5:C2:CD:29:49,429899.2343,SM-T713,04-07-17 16:59
580,100,0,3,-74,DragBcon ,D0:B5:C2:CD:2D:BD,429916.4083,SM-T713,04-07-17 16:59
581,100,0,3,-67,DragBcon ,D0:B5:C2:CD:29:49,430904.847,SM-T713,04-07-17 16:59
582,100,0,3,-71,DragBcon ,D0:B5:C2:CD:2D:BD,430922.0877,SM-T713,04-07-17 16:59
583,100,0,3,-74,DragBcon ,D0:B5:C2:CD:29:49,431933.9744,SM-T713,04-07-17 16:59
584,100,0,3,-72,DragBcon ,D0:B5:C2:CD:2D:BD,431955.7612,SM-T713,04-07-17 16:59
585,100,0,3,-67,DragBcon ,D0:B5:C2:CD:2D:E3,432311.8612,SM-T713,04-07-17 16:59
586,100,0,3,-69,DragBcon ,D0:B5:C2:CD:29:49,432922.6391,SM-T713,04-07-17 16:59
587,100,0,3,-72,DragBcon ,D0:B5:C2:CD:2D:BD,432950.9046,SM-T713,04-07-17 16:59
588,100,0,3,-64,DragBcon ,D0:B5:C2:CD:2D:E3,433333.3646,SM-T713,04-07-17 16:59
589,100,0,3,-72,DragBcon ,D0:B5:C2:CD:29:49,433936.4417,SM-T713,04-07-17 16:59
590,100,0,3,-66,DragBcon ,D0:B5:C2:CD:2D:E3,434337.1668,SM-T713,04-07-17 16:59
591,100,0,3,-66,DragBcon ,D0:B5:C2:CD:29:49,434936.3625,SM-T713,04-07-17 16:59
592,100,0,3,-71,DragBcon ,D0:B5:C2:CD:2D:BD,434947.4053,SM-T713,04-07-17 16:59
593,100,0,3,-66,DragBcon ,D0:B5:C2:CD:2D:E3,435340.0516,SM-T713,04-07-17 16:59
594,100,0,3,-68,DragBcon ,D0:B5:C2:CD:29:49,435941.6942,SM-T713,04-07-17 16:59
595,100,0,3,-73,DragBcon ,D0:B5:C2:CD:2D:BD,436954.4216,SM-T713,04-07-17 16:59
596,100,0,3,-63,DragBcon ,D0:B5:C2:CD:2D:E3,438343.1846,SM-T713,04-07-17 16:59
597,100,0,3,-70,DragBcon ,D0:B5:C2:CD:2D:BD,440955.0752,SM-T713,04-07-17 16:59
598,100,0,3,-74,DragBcon ,D0:B5:C2:CD:2D:BD,442971.228,SM-T713,04-07-17 16:59
599,100,0,3,-72,DragBcon ,D0:B5:C2:CD:29:49,443972.2085,SM-T713,04-07-17 16:59
600,100,0,3,-66,DragBcon ,D0:B5:C2:CD:29:49,445981.2898,SM-T713,04-07-17 16:59
601,100,0,3,-63,DragBcon ,D0:B5:C2:CD:2D:E3,446366.4717,SM-T713,04-07-17 16:59
602,100,0,3,-74,DragBcon ,D0:B5:C2:CD:2D:BD,446994.6801,SM-T713,04-07-17 16:59
603,100,0,3,-65,DragBcon ,D0:B5:C2:CD:29:49,447977.6646,SM-T713,04-07-17 16:59
604,100,0,3,-64,DragBcon ,D0:B5:C2:CD:2D:E3,448378.9351,SM-T713,04-07-17 16:59
605,100,0,3,-64,DragBcon ,D0:B5:C2:CD:2D:E3,452393.4657,SM-T713,04-07-17 16:59
606,100,0,3,-64,DragBcon ,D0:B5:C2:CD:29:49,455041.4295,SM-T713,04-07-17 16:59
607,100,0,3,-68,DragBcon ,D0:B5:C2:CD:2D:E3,455410.9733,SM-T713,04-07-17 16:59
608,100,0,3,-72,DragBcon ,D0:B5:C2:CD:2D:BD,464087.3006,SM-T713,04-07-17 16:59
609,100,0,3,-64,DragBcon ,D0:B5:C2:CD:2D:E3,464458.3455,SM-T713,04-07-17 16:59
610,100,0,3,-64,DragBcon ,D0:B5:C2:CD:29:49,466089.476,SM-T713,04-07-17 16:59
611,100,0,3,-67,DragBcon ,D0:B5:C2:CD:2D:E3,468487.1268,SM-T713,04-07-17 16:59
612,100,0,3,-67,DragBcon ,D0:B5:C2:CD:2D:E3,470487.581,SM-T713,04-07-17 16:59
613,100,0,3,-67,DragBcon ,D0:B5:C2:CD:29:49,471128.4913,SM-T713,04-07-17 16:59
614,100,0,3,-65,DragBcon ,D0:B5:C2:CD:2D:E3,472488.1933,SM-T713,04-07-17 16:59
615,100,0,3,-72,DragBcon ,D0:B5:C2:CD:2D:BD,473106.9722,SM-T713,04-07-17 16:59
616,100,0,3,-73,DragBcon ,D0:B5:C2:CD:2D:BD,474135.3467,SM-T713,04-07-17 16:59
617,100,0,3,-72,DragBcon ,D0:B5:C2:CD:29:49,474146.2194,SM-T713,04-07-17 16:59
618,100,0,3,-64,DragBcon ,D0:B5:C2:CD:29:49,475143.206,SM-T713,04-07-17 16:59
619,100,0,3,-68,DragBcon ,D0:B5:C2:CD:2D:E3,475504.706,SM-T713,04-07-17 16:59
620,100,0,3,-81,DragBcon ,D0:B5:C2:CD:2D:BD,476147.6278,SM-T713,04-07-17 16:59
621,100,0,3,-64,DragBcon ,D0:B5:C2:CD:29:49,476159.8858,SM-T713,04-07-17 16:59
622,100,0,3,-70,DragBcon ,D0:B5:C2:CD:2D:E3,476523.4607,SM-T713,04-07-17 16:59
623,100,0,3,-83,DragBcon ,D0:B5:C2:CD:2D:BD,477148.5335,SM-T713,04-07-17 16:59
624,100,0,3,-63,DragBcon ,D0:B5:C2:CD:29:49,477165.5059,SM-T713,04-07-17 16:59
625,100,0,3,-68,DragBcon ,D0:B5:C2:CD:2D:E3,477512.0754,SM-T713,04-07-17 16:59
626,100,0,3,-83,DragBcon ,D0:B5:C2:CD:2D:BD,478140.7242,SM-T713,04-07-17 16:59
627,100,0,3,-67,DragBcon ,D0:B5:C2:CD:29:49,478178.419,SM-T713,04-07-17 16:59
628,100,0,3,-67,DragBcon ,D0:B5:C2:CD:29:49,479159.6733,SM-T713,04-07-17 16:59
629,100,0,3,-82,DragBcon ,D0:B5:C2:CD:2D:BD,480163.3012,SM-T713,04-07-17 16:59
630,100,0,3,-67,DragBcon ,D0:B5:C2:CD:2D:E3,481544.198,SM-T713,04-07-17 16:59
631,100,0,3,-63,DragBcon ,D0:B5:C2:CD:29:49,482171.6311,SM-T713,04-07-17 16:59
632,100,0,3,-67,DragBcon ,D0:B5:C2:CD:2D:E3,483544.7341,SM-T713,04-07-17 16:59
633,100,0,3,-67,DragBcon ,D0:B5:C2:CD:2D:E3,486578.6257,SM-T713,04-07-17 16:59
634,100,0,3,-72,DragBcon ,D0:B5:C2:CD:2D:BD,489195.2407,SM-T713,04-07-17 16:59
635,100,0,3,-69,DragBcon ,D0:B5:C2:CD:2D:E3,492583.0594,SM-T713,04-07-17 16:59
636,100,0,3,-67,DragBcon ,D0:B5:C2:CD:2D:E3,494587.7333,SM-T713,04-07-17 16:59
637,100,0,3,-67,DragBcon ,D0:B5:C2:CD:29:49,495246.5117,SM-T713,04-07-17 16:59
638,100,0,3,-77,DragBcon ,D0:B5:C2:CD:29:49,499276.0022,SM-T713,04-07-17 16:59
639,100,0,3,-68,DragBcon ,D0:B5:C2:CD:2D:E3,500639.9506,SM-T713,04-07-17 16:59
640,100,0,3,-85,DragBcon ,D0:B5:C2:CD:2D:BD,501264.4263,SM-T713,04-07-17 16:59
641,100,0,3,-67,DragBcon ,D0:B5:C2:CD:2D:E3,501631.3931,SM-T713,04-07-17 16:59
642,100,0,3,-67,DragBcon ,D0:B5:C2:CD:2D:E3,502645.4322,SM-T713,04-07-17 16:59
643,100,0,3,-68,DragBcon ,D0:B5:C2:CD:2D:E3,503625.209,SM-T713,04-07-17 16:59
644,100,0,3,-80,DragBcon ,D0:B5:C2:CD:2D:BD,505296.237,SM-T713,04-07-17 16:59
645,100,0,3,-67,DragBcon ,D0:B5:C2:CD:2D:E3,505666.7972,SM-T713,04-07-17 16:59
646,100,0,3,-72,DragBcon ,D0:B5:C2:CD:2D:BD,506316.4332,SM-T713,04-07-17 16:59
647,100,0,3,-68,DragBcon ,D0:B5:C2:CD:2D:E3,507675.8674,SM-T713,04-07-17 16:59
648,100,0,3,-63,DragBcon ,D0:B5:C2:CD:29:49,508338.3863,SM-T713,04-07-17 16:59
649,100,0,3,-67,DragBcon ,D0:B5:C2:CD:2D:E3,508654.5156,SM-T713,04-07-17 16:59
650,100,0,3,-67,DragBcon ,D0:B5:C2:CD:2D:E3,509666.2104,SM-T713,04-07-17 16:59
651,100,0,3,-69,DragBcon ,D0:B5:C2:CD:2D:E3,510675.328,SM-T713,04-07-17 16:59
652,100,0,3,-80,DragBcon ,D0:B5:C2:CD:2D:BD,511333.7375,SM-T713,04-07-17 16:59
653,100,0,3,-66,DragBcon ,D0:B5:C2:CD:29:49,511375.2719,SM-T713,04-07-17 16:59
654,100,0,3,-67,DragBcon ,D0:B5:C2:CD:2D:E3,511693.6576,SM-T713,04-07-17 16:59
655,100,0,3,-80,DragBcon ,D0:B5:C2:CD:2D:BD,513362.4891,SM-T713,04-07-17 16:59
656,100,0,3,-70,DragBcon ,D0:B5:C2:CD:29:49,513376.3238,SM-T713,04-07-17 16:59
657,100,0,3,-66,DragBcon ,D0:B5:C2:CD:2D:E3,513710.6461,SM-T713,04-07-17 16:59
658,100,0,3,-72,DragBcon ,D0:B5:C2:CD:2D:BD,514365.5373,SM-T713,04-07-17 16:59
659,100,0,3,-70,DragBcon ,D0:B5:C2:CD:29:49,514395.4026,SM-T713,04-07-17 16:59
660,100,0,3,-80,DragBcon ,D0:B5:C2:CD:2D:BD,516354.1333,SM-T713,04-07-17 16:59
661,100,0,3,-63,DragBcon ,D0:B5:C2:CD:29:49,517366.0264,SM-T713,04-07-17 16:59
662,100,0,3,-68,DragBcon ,D0:B5:C2:CD:2D:E3,517724.0898,SM-T713,04-07-17 16:59
663,100,0,3,-67,DragBcon ,D0:B5:C2:CD:29:49,518378.9687,SM-T713,04-07-17 16:59
664,100,0,3,-65,DragBcon ,D0:B5:C2:CD:2D:E3,518734.0577,SM-T713,04-07-17 16:59
665,100,0,3,-65,DragBcon ,D0:B5:C2:CD:2D:E3,519722.8949,SM-T713,04-07-17 16:59
666,100,0,3,-72,DragBcon ,D0:B5:C2:CD:2D:BD,521380.8296,SM-T713,04-07-17 16:59
667,100,0,3,-65,DragBcon ,D0:B5:C2:CD:2D:E3,521734.1668,SM-T713,04-07-17 16:59
668,100,0,3,-79,DragBcon ,D0:B5:C2:CD:2D:BD,522395.0582,SM-T713,04-07-17 16:59
669,100,0,3,-63,DragBcon ,D0:B5:C2:CD:29:49,522420.2985,SM-T713,04-07-17 16:59
670,100,0,3,-67,DragBcon ,D0:B5:C2:CD:2D:E3,522745.8887,SM-T713,04-07-17 16:59
671,100,0,3,-77,DragBcon ,D0:B5:C2:CD:2D:BD,523403.3543,SM-T713,04-07-17 16:59
672,100,0,3,-64,DragBcon ,D0:B5:C2:CD:29:49,523412.8992,SM-T713,04-07-17 16:59
673,100,0,3,-68,DragBcon ,D0:B5:C2:CD:2D:E3,523764.9226,SM-T713,04-07-17 16:59
674,100,0,3,-78,DragBcon ,D0:B5:C2:CD:2D:BD,524412.0109,SM-T713,04-07-17 16:59
675,100,0,3,-63,DragBcon ,D0:B5:C2:CD:29:49,524430.1177,SM-T713,04-07-17 16:59
676,100,0,3,-67,DragBcon ,D0:B5:C2:CD:2D:E3,524762.9286,SM-T713,04-07-17 16:59
677,100,0,3,-67,DragBcon ,D0:B5:C2:CD:2D:E3,525754.6308,SM-T713,04-07-17 16:59
678,100,0,3,-67,DragBcon ,D0:B5:C2:CD:2D:E3,526770.6705,SM-T713,04-07-17 16:59
679,100,0,3,-81,DragBcon ,D0:B5:C2:CD:2D:BD,527433.3541,SM-T713,04-07-17 16:59
680,100,0,3,-70,DragBcon ,D0:B5:C2:CD:29:49,528445.7652,SM-T713,04-07-17 16:59
681,100,0,3,-72,DragBcon ,D0:B5:C2:CD:2D:BD,529435.8499,SM-T713,04-07-17 16:59
682,100,0,3,-65,DragBcon ,D0:B5:C2:CD:2D:E3,529776.0497,SM-T713,04-07-17 16:59
683,100,0,3,-72,DragBcon ,D0:B5:C2:CD:2D:BD,530433.98,SM-T713,04-07-17 16:59
684,100,0,3,-82,DragBcon ,D0:B5:C2:CD:2D:BD,532434.9736,SM-T713,04-07-17 16:59
685,100,0,3,-67,DragBcon ,D0:B5:C2:CD:2D:E3,532801.9489,SM-T713,04-07-17 16:59
686,100,0,3,-63,DragBcon ,D0:B5:C2:CD:29:49,533446.6077,SM-T713,04-07-17 16:59
687,100,0,3,-67,DragBcon ,D0:B5:C2:CD:2D:E3,533813.18,SM-T713,04-07-17 16:59
688,100,0,3,-66,DragBcon ,D0:B5:C2:CD:29:49,535463.9359,SM-T713,04-07-17 16:59
689,100,0,3,-72,DragBcon ,D0:B5:C2:CD:2D:BD,537479.9063,SM-T713,04-07-17 16:59
690,100,0,3,-70,DragBcon ,D0:B5:C2:CD:29:49,538491.0184,SM-T713,04-07-17 16:59
691,100,0,3,-72,DragBcon ,D0:B5:C2:CD:2D:BD,539481.0636,SM-T713,04-07-17 16:59
692,100,0,3,-65,DragBcon ,D0:B5:C2:CD:2D:E3,539849.5827,SM-T713,04-07-17 16:59
693,100,0,3,-66,DragBcon ,D0:B5:C2:CD:29:49,541497.138,SM-T713,04-07-17 16:59
694,100,0,3,-70,DragBcon ,D0:B5:C2:CD:29:49,544495.2318,SM-T713,04-07-17 16:59
695,100,0,3,-66,DragBcon ,D0:B5:C2:CD:29:49,550523.8481,SM-T713,04-07-17 16:59
696,100,0,3,-72,DragBcon ,D0:B5:C2:CD:2D:BD,554538.2675,SM-T713,04-07-17 16:59
697,100,0,3,-69,DragBcon ,D0:B5:C2:CD:29:49,561591.1316,SM-T713,04-07-17 16:59
698,100,0,3,-72,DragBcon ,D0:B5:C2:CD:2D:BD,568612.3161,SM-T713,04-07-17 16:59
699,100,0,3,-72,DragBcon ,D0:B5:C2:CD:2D:BD,569621.9791,SM-T713,04-07-17 16:59
700,100,0,3,-68,DragBcon ,D0:B5:C2:CD:29:49,575653.4139,SM-T713,04-07-17 16:59
701,100,0,3,-66,DragBcon ,D0:B5:C2:CD:2D:E3,576026.8357,SM-T713,04-07-17 16:59
702,100,0,3,-72,DragBcon ,D0:B5:C2:CD:2D:BD,577633.0364,SM-T713,04-07-17 16:59
703,100,0,3,-65,DragBcon ,D0:B5:C2:CD:2D:E3,578040.7934,SM-T713,04-07-17 16:59
704,100,0,3,-68,DragBcon ,D0:B5:C2:CD:29:49,583676.2985,SM-T713,04-07-17 16:59
705,100,0,3,-66,DragBcon ,D0:B5:C2:CD:29:49,589711.1714,SM-T713,04-07-17 16:59
706,100,0,3,-72,DragBcon ,D0:B5:C2:CD:2D:E3,594122.0219,SM-T713,04-07-17 16:59
707,100,0,3,-71,DragBcon ,D0:B5:C2:CD:2D:BD,598760.6251,SM-T713,04-07-17 16:59
708,100,0,3,-81,DragBcon ,D0:B5:C2:CD:2D:BD,600776.4375,SM-T713,04-07-17 16:59
709,100,0,3,-64,DragBcon ,D0:B5:C2:CD:29:49,601755.7585,SM-T713,04-07-17 16:59
710,100,0,3,-65,DragBcon ,D0:B5:C2:CD:2D:E3,603143.2507,SM-T713,04-07-17 16:59
711,100,0,3,-69,DragBcon ,D0:B5:C2:CD:29:49,604798.2948,SM-T713,04-07-17 16:59
712,100,0,3,-84,DragBcon ,D0:B5:C2:CD:2D:BD,604816.9386,SM-T713,04-07-17 16:59
713,100,0,3,-69,DragBcon ,D0:B5:C2:CD:29:49,605815.7592,SM-T713,04-07-17 16:59
714,100,0,3,-82,DragBcon ,D0:B5:C2:CD:2D:BD,605830.7531,SM-T713,04-07-17 16:59
715,100,0,3,-65,DragBcon ,D0:B5:C2:CD:2D:E3,606147.744,SM-T713,04-07-17 16:59
716,100,0,3,-64,DragBcon ,D0:B5:C2:CD:2D:E3,607167.192,SM-T713,04-07-17 16:59
717,100,0,3,-68,DragBcon ,D0:B5:C2:CD:29:49,607804.8725,SM-T713,04-07-17 16:59
718,100,0,3,-64,DragBcon ,D0:B5:C2:CD:2D:E3,608170.6566,SM-T713,04-07-17 16:59
719,100,0,3,-68,DragBcon ,D0:B5:C2:CD:29:49,608810.1589,SM-T713,04-07-17 16:59
720,100,0,3,-70,DragBcon ,D0:B5:C2:CD:2D:BD,608828.8785,SM-T713,04-07-17 16:59
721,100,0,3,-65,DragBcon ,D0:B5:C2:CD:2D:E3,610185.6836,SM-T713,04-07-17 16:59
722,100,0,3,-66,DragBcon ,D0:B5:C2:CD:2D:E3,611183.9211,SM-T713,04-07-17 16:59
723,100,0,3,-83,DragBcon ,D0:B5:C2:CD:2D:BD,611835.27,SM-T713,04-07-17 16:59
724,100,0,3,-64,DragBcon ,D0:B5:C2:CD:2D:E3,615209.5152,SM-T713,04-07-17 16:59
725,100,0,3,-66,DragBcon ,D0:B5:C2:CD:2D:E3,619237.8719,SM-T713,04-07-17 16:59
726,100,0,3,-69,DragBcon ,D0:B5:C2:CD:2D:E3,622266.3717,SM-T713,04-07-17 16:59
727,100,0,3,-70,DragBcon ,D0:B5:C2:CD:2D:BD,624896.4496,SM-T713,04-07-17 16:59
728,100,0,3,-67,DragBcon ,D0:B5:C2:CD:29:49,625882.8654,SM-T713,04-07-17 16:59
729,100,0,3,-66,DragBcon ,D0:B5:C2:CD:2D:E3,626255.0893,SM-T713,04-07-17 16:59
730,100,0,3,-68,DragBcon ,D0:B5:C2:CD:29:49,626896.7799,SM-T713,04-07-17 16:59
731,100,0,3,-68,DragBcon ,D0:B5:C2:CD:29:49,627917.1002,SM-T713,04-07-17 16:59
732,100,0,3,-66,DragBcon ,D0:B5:C2:CD:29:49,628911.5071,SM-T713,04-07-17 16:59
733,100,0,3,-68,DragBcon ,D0:B5:C2:CD:2D:E3,629282.918,SM-T713,04-07-17 16:59
734,100,0,3,-65,DragBcon ,D0:B5:C2:CD:29:49,629926.0939,SM-T713,04-07-17 16:59
735,100,0,3,-86,DragBcon ,D0:B5:C2:CD:2D:BD,629944.4134,SM-T713,04-07-17 16:59
736,100,0,3,-68,DragBcon ,D0:B5:C2:CD:2D:E3,630289.2453,SM-T713,04-07-17 16:59
737,100,0,3,-66,DragBcon ,D0:B5:C2:CD:29:49,630920.4208,SM-T713,04-07-17 16:59
738,100,0,3,-84,DragBcon ,D0:B5:C2:CD:2D:BD,630945.4519,SM-T713,04-07-17 16:59
739,100,0,3,-66,DragBcon ,D0:B5:C2:CD:2D:E3,631293.5725,SM-T713,04-07-17 16:59
740,100,0,3,-67,DragBcon ,D0:B5:C2:CD:29:49,631933.7245,SM-T713,04-07-17 16:59
741,100,0,3,-64,DragBcon ,D0:B5:C2:CD:2D:E3,632285.017,SM-T713,04-07-17 16:59
742,100,0,3,-67,DragBcon ,D0:B5:C2:CD:29:49,632921.828,SM-T713,04-07-17 16:59
743,100,0,3,-72,DragBcon ,D0:B5:C2:CD:2D:E3,633300.3774,SM-T713,04-07-17 16:59
744,100,0,3,-72,DragBcon ,D0:B5:C2:CD:2D:BD,633953.286,SM-T713,04-07-17 16:59
745,100,0,3,-64,DragBcon ,D0:B5:C2:CD:2D:E3,634294.6281,SM-T713,04-07-17 16:59
746,100,0,3,-65,DragBcon ,D0:B5:C2:CD:29:49,636964.1055,SM-T713,04-07-17 16:59
747,100,0,3,-66,DragBcon ,D0:B5:C2:CD:2D:E3,637320.9445,SM-T713,04-07-17 16:59
748,100,0,3,-69,DragBcon ,D0:B5:C2:CD:29:49,640953.8808,SM-T713,04-07-17 16:59
749,100,0,3,-67,DragBcon ,D0:B5:C2:CD:2D:E3,641324.3692,SM-T713,04-07-17 16:59
750,100,0,3,-69,DragBcon ,D0:B5:C2:CD:29:49,641985.7503,SM-T713,04-07-17 16:59
751,100,0,3,-66,DragBcon ,D0:B5:C2:CD:2D:E3,642317.2979,SM-T713,04-07-17 16:59
752,100,0,3,-69,DragBcon ,D0:B5:C2:CD:29:49,642985.7725,SM-T713,04-07-17 16:59
753,100,0,3,-66,DragBcon ,D0:B5:C2:CD:2D:E3,643317.1493,SM-T713,04-07-17 16:59
754,100,0,3,-66,DragBcon ,D0:B5:C2:CD:29:49,644985.3785,SM-T713,04-07-17 16:59
755,100,0,3,-81,DragBcon ,D0:B5:C2:CD:2D:BD,646029.8504,SM-T713,04-07-17 16:59
756,100,0,3,-66,DragBcon ,D0:B5:C2:CD:2D:E3,646340.2661,SM-T713,04-07-17 16:59
757,100,0,3,-66,DragBcon ,D0:B5:C2:CD:29:49,648013.9325,SM-T713,04-07-17 16:59
758,100,0,3,-65,DragBcon ,D0:B5:C2:CD:2D:E3,648353.654,SM-T713,04-07-17 16:59
759,100,0,3,-65,DragBcon ,D0:B5:C2:CD:2D:E3,649338.8221,SM-T713,04-07-17 16:59
760,100,0,3,-70,DragBcon ,D0:B5:C2:CD:29:49,651009.4647,SM-T713,04-07-17 16:59
761,100,0,3,-66,DragBcon ,D0:B5:C2:CD:29:49,652013.4299,SM-T713,04-07-17 16:59
762,100,0,3,-80,DragBcon ,D0:B5:C2:CD:2D:BD,652049.9988,SM-T713,04-07-17 16:59
763,100,0,3,-66,DragBcon ,D0:B5:C2:CD:29:49,653024.8818,SM-T713,04-07-17 16:59
764,100,0,3,-66,DragBcon ,D0:B5:C2:CD:29:49,654026.349,SM-T713,04-07-17 16:59
765,100,0,3,-70,DragBcon ,D0:B5:C2:CD:2D:BD,654052.1875,SM-T713,04-07-17 16:59
766,100,0,3,-70,DragBcon ,D0:B5:C2:CD:2D:BD,655037.3236,SM-T713,04-07-17 16:59
767,100,0,3,-68,DragBcon ,D0:B5:C2:CD:29:49,656023.9539,SM-T713,04-07-17 16:59
768,100,0,3,-65,DragBcon ,D0:B5:C2:CD:2D:E3,656381.5009,SM-T713,04-07-17 16:59
769,100,0,3,-70,DragBcon ,D0:B5:C2:CD:29:49,657040.0968,SM-T713,04-07-17 16:59
770,100,0,3,-71,DragBcon ,D0:B5:C2:CD:2D:BD,658061.028,SM-T713,04-07-17 16:59
771,100,0,3,-67,DragBcon ,D0:B5:C2:CD:2D:E3,658393.2452,SM-T713,04-07-17 16:59
772,100,0,3,-69,DragBcon ,D0:B5:C2:CD:29:49,659052.4572,SM-T713,04-07-17 16:59
773,100,0,3,-82,DragBcon ,D0:B5:C2:CD:2D:BD,659077.8935,SM-T713,04-07-17 16:59
774,100,0,3,-67,DragBcon ,D0:B5:C2:CD:2D:E3,659384.5778,SM-T713,04-07-17 16:59
775,100,0,3,-66,DragBcon ,D0:B5:C2:CD:29:49,660062.8849,SM-T713,04-07-17 16:59
776,100,0,3,-80,DragBcon ,D0:B5:C2:CD:2D:BD,660084.3625,SM-T713,04-07-17 16:59
777,100,0,3,-66,DragBcon ,D0:B5:C2:CD:2D:E3,660386.5246,SM-T713,04-07-17 16:59
778,100,0,3,-66,DragBcon ,D0:B5:C2:CD:29:49,661050.0045,SM-T713,04-07-17 16:59
779,100,0,3,-80,DragBcon ,D0:B5:C2:CD:2D:BD,661112.5614,SM-T713,04-07-17 16:59
780,100,0,3,-66,DragBcon ,D0:B5:C2:CD:2D:E3,661382.2572,SM-T713,04-07-17 16:59
781,100,0,3,-66,DragBcon ,D0:B5:C2:CD:29:49,662064.4482,SM-T713,04-07-17 16:59
782,100,0,3,-80,DragBcon ,D0:B5:C2:CD:2D:BD,662089.2075,SM-T713,04-07-17 16:59
783,100,0,3,-66,DragBcon ,D0:B5:C2:CD:2D:E3,662386.2882,SM-T713,04-07-17 16:59
784,100,0,3,-72,DragBcon ,D0:B5:C2:CD:2D:BD,663071.4935,SM-T713,04-07-17 16:59
785,100,0,3,-64,DragBcon ,D0:B5:C2:CD:2D:E3,663408.5099,SM-T713,04-07-17 16:59
786,100,0,3,-66,DragBcon ,D0:B5:C2:CD:29:49,664062.5231,SM-T713,04-07-17 16:59
787,100,0,3,-70,DragBcon ,D0:B5:C2:CD:2D:BD,664127.1287,SM-T713,04-07-17 16:59
788,100,0,3,-66,DragBcon ,D0:B5:C2:CD:29:49,665073.7253,SM-T713,04-07-17 16:59
789,100,0,3,-70,DragBcon ,D0:B5:C2:CD:2D:BD,665100.6336,SM-T713,04-07-17 16:59
790,100,0,3,-65,DragBcon ,D0:B5:C2:CD:2D:E3,665411.4349,SM-T713,04-07-17 16:59
791,100,0,3,-70,DragBcon ,D0:B5:C2:CD:29:49,666071.3028,SM-T713,04-07-17 16:59
792,100,0,3,-67,DragBcon ,D0:B5:C2:CD:2D:E3,666415.5372,SM-T713,04-07-17 16:59
793,100,0,3,-67,DragBcon ,D0:B5:C2:CD:2D:E3,667410.7076,SM-T713,04-07-17 16:59
794,100,0,3,-83,DragBcon ,D0:B5:C2:CD:2D:BD,668102.5725,SM-T713,04-07-17 16:59
795,100,0,3,-67,DragBcon ,D0:B5:C2:CD:2D:E3,668416.32,SM-T713,04-07-17 16:59
796,100,0,3,-66,DragBcon ,D0:B5:C2:CD:29:49,669109.6181,SM-T713,04-07-17 16:59
797,100,0,3,-66,DragBcon ,D0:B5:C2:CD:29:49,670102.25,SM-T713,04-07-17 16:59
798,100,0,3,-67,DragBcon ,D0:B5:C2:CD:2D:E3,670430.1594,SM-T713,04-07-17 16:59
799,100,0,3,-67,DragBcon ,D0:B5:C2:CD:29:49,671099.2266,SM-T713,04-07-17 16:59
800,100,0,3,-66,DragBcon ,D0:B5:C2:CD:2D:E3,671448.568,SM-T713,04-07-17 16:59
801,100,0,3,-81,DragBcon ,D0:B5:C2:CD:2D:BD,672126.9364,SM-T713,04-07-17 16:59
802,100,0,3,-70,DragBcon ,D0:B5:C2:CD:29:49,675156.3156,SM-T713,04-07-17 16:59
803,100,0,3,-67,DragBcon ,D0:B5:C2:CD:29:49,676142.0921,SM-T713,04-07-17 16:59
804,100,0,3,-81,DragBcon ,D0:B5:C2:CD:2D:BD,676172.0181,SM-T713,04-07-17 16:59
805,100,0,3,-80,DragBcon ,D0:B5:C2:CD:2D:BD,677151.8282,SM-T713,04-07-17 16:59
806,100,0,3,-66,DragBcon ,D0:B5:C2:CD:29:49,678164.4287,SM-T713,04-07-17 16:59
807,100,0,3,-65,DragBcon ,D0:B5:C2:CD:2D:E3,678471.4885,SM-T713,04-07-17 16:59
808,100,0,3,-66,DragBcon ,D0:B5:C2:CD:29:49,679178.6542,SM-T713,04-07-17 16:59
809,100,0,3,-71,DragBcon ,D0:B5:C2:CD:2D:BD,680183.4516,SM-T713,04-07-17 16:59
810,100,0,3,-71,DragBcon ,D0:B5:C2:CD:2D:BD,681190.2475,SM-T713,04-07-17 16:59
811,100,0,3,-66,DragBcon ,D0:B5:C2:CD:29:49,681207.552,SM-T713,04-07-17 16:59
812,100,0,3,-67,DragBcon ,D0:B5:C2:CD:2D:E3,682494.6402,SM-T713,04-07-17 16:59
813,100,0,3,-67,DragBcon ,D0:B5:C2:CD:2D:E3,685540.2072,SM-T713,04-07-17 16:59
814,100,0,3,-70,DragBcon ,D0:B5:C2:CD:2D:BD,686216.236,SM-T713,04-07-17 16:59
815,100,0,3,-66,DragBcon ,D0:B5:C2:CD:2D:E3,687542.4291,SM-T713,04-07-17 16:59
816,100,0,3,-67,DragBcon ,D0:B5:C2:CD:2D:E3,688543.7043,SM-T713,04-07-17 16:59
817,100,0,3,-81,DragBcon ,D0:B5:C2:CD:2D:BD,689222.6773,SM-T713,04-07-17 16:59
818,100,0,3,-67,DragBcon ,D0:B5:C2:CD:2D:E3,689545.8777,SM-T713,04-07-17 16:59
819,100,0,3,-68,DragBcon ,D0:B5:C2:CD:2D:E3,690564.2475,SM-T713,04-07-17 16:59
820,100,0,3,-71,DragBcon ,D0:B5:C2:CD:2D:BD,691220.7379,SM-T713,04-07-17 16:59
821,100,0,3,-65,DragBcon ,D0:B5:C2:CD:2D:E3,692575.2562,SM-T713,04-07-17 16:59
822,100,0,3,-72,DragBcon ,D0:B5:C2:CD:2D:BD,693250.2518,SM-T713,04-07-17 16:59
823,100,0,3,-66,DragBcon ,D0:B5:C2:CD:29:49,693269.8754,SM-T713,04-07-17 16:59
824,100,0,3,-66,DragBcon ,D0:B5:C2:CD:29:49,694252.2441,SM-T713,04-07-17 16:59
825,100,0,3,-70,DragBcon ,D0:B5:C2:CD:29:49,695259.9588,SM-T713,04-07-17 16:59
826,100,0,3,-67,DragBcon ,D0:B5:C2:CD:2D:E3,695588.5535,SM-T713,04-07-17 16:59
827,100,0,3,-85,DragBcon ,D0:B5:C2:CD:2D:BD,696269.7621,SM-T713,04-07-17 16:59
828,100,0,3,-70,DragBcon ,D0:B5:C2:CD:29:49,696298.3262,SM-T713,04-07-17 16:59
829,100,0,3,-67,DragBcon ,D0:B5:C2:CD:2D:E3,696583.1507,SM-T713,04-07-17 16:59
830,100,0,3,-70,DragBcon ,D0:B5:C2:CD:29:49,697275.838,SM-T713,04-07-17 16:59
831,100,0,3,-80,DragBcon ,D0:B5:C2:CD:2D:BD,700279.3238,SM-T713,04-07-17 16:59
832,100,0,3,-65,DragBcon ,D0:B5:C2:CD:2D:E3,703622.926,SM-T713,04-07-17 16:59
833,100,0,3,-81,DragBcon ,D0:B5:C2:CD:2D:BD,707312.3231,SM-T713,04-07-17 16:59
834,100,0,3,-67,DragBcon ,D0:B5:C2:CD:2D:E3,711665.2299,SM-T713,04-07-17 16:59
835,100,0,3,-81,DragBcon ,D0:B5:C2:CD:2D:BD,716352.1541,SM-T713,04-07-17 16:59
836,100,0,3,-66,DragBcon ,D0:B5:C2:CD:29:49,717367.2544,SM-T713,04-07-17 16:59
837,100,0,3,-66,DragBcon ,D0:B5:C2:CD:2D:E3,719733.9162,SM-T713,04-07-17 16:59
838,100,0,3,-76,DragBcon ,D0:B5:C2:CD:2D:BD,726406.6932,SM-T713,04-07-17 16:59
839,100,0,3,-72,DragBcon ,D0:B5:C2:CD:29:49,727414.6973,SM-T713,04-07-17 16:59
840,100,0,3,-74,DragBcon ,D0:B5:C2:CD:2D:BD,728413.0269,SM-T713,04-07-17 16:59
841,100,0,3,-82,DragBcon ,D0:B5:C2:CD:2D:BD,729415.2163,SM-T713,04-07-17 16:59
842,100,0,3,-64,DragBcon ,D0:B5:C2:CD:2D:E3,733796.318,SM-T713,04-07-17 16:59
843,100,0,3,-64,DragBcon ,D0:B5:C2:CD:2D:E3,734796.5175,SM-T713,04-07-17 16:59
844,100,0,3,-66,DragBcon ,D0:B5:C2:CD:29:49,736456.4924,SM-T713,04-07-17 16:59
845,100,0,3,-78,DragBcon ,D0:B5:C2:CD:2D:BD,739502.5242,SM-T713,04-07-17 16:59
846,100,0,3,-70,DragBcon ,D0:B5:C2:CD:29:49,739529.7699,SM-T713,04-07-17 16:59
847,100,0,3,-71,DragBcon ,D0:B5:C2:CD:29:49,741477.7541,SM-T713,04-07-17 16:59
848,100,0,3,-79,DragBcon ,D0:B5:C2:CD:2D:BD,744515.4469,SM-T713,04-07-17 16:59
849,100,0,3,-64,DragBcon ,D0:B5:C2:CD:2D:E3,745854.4903,SM-T713,04-07-17 16:59
850,100,0,3,-68,DragBcon ,D0:B5:C2:CD:2D:BD,746523.5719,SM-T713,04-07-17 16:59
851,100,0,3,-72,DragBcon ,D0:B5:C2:CD:29:49,746549.3214,SM-T713,04-07-17 16:59
852,100,0,3,-82,DragBcon ,D0:B5:C2:CD:2D:BD,747505.4243,SM-T713,04-07-17 16:59
853,100,0,3,-71,DragBcon ,D0:B5:C2:CD:29:49,749541.0177,SM-T713,04-07-17 16:59
854,100,0,3,-81,DragBcon ,D0:B5:C2:CD:2D:BD,750542.0883,SM-T713,04-07-17 16:59
855,100,0,3,-65,DragBcon ,D0:B5:C2:CD:2D:E3,750863.0982,SM-T713,04-07-17 16:59
856,100,0,3,-90,SMU,38:4C:4F:C7:92:38,751057.5636,SM-T713,04-07-17 16:59
857,100,0,3,-80,DragBcon ,D0:B5:C2:CD:2D:BD,751547.5408,SM-T713,04-07-17 16:59
858,100,0,3,-71,DragBcon ,D0:B5:C2:CD:2D:BD,752553.5491,SM-T713,04-07-17 16:59
859,100,0,3,-64,DragBcon ,D0:B5:C2:CD:2D:E3,752863.8101,SM-T713,04-07-17 16:59
860,100,0,3,-72,DragBcon ,D0:B5:C2:CD:2D:BD,753547.1283,SM-T713,04-07-17 16:59
861,100,0,3,-67,DragBcon ,D0:B5:C2:CD:2D:E3,754895.6082,SM-T713,04-07-17 16:59
862,100,0,3,-67,DragBcon ,D0:B5:C2:CD:2D:E3,755901.1441,SM-T713,04-07-17 16:59
863,100,0,3,-85,DragBcon ,D0:B5:C2:CD:2D:BD,756562.2697,SM-T713,04-07-17 16:59
864,100,0,3,-75,DragBcon ,D0:B5:C2:CD:2D:BD,757560.6596,SM-T713,04-07-17 16:59
865,100,0,3,-71,DragBcon ,D0:B5:C2:CD:29:49,757623.3243,SM-T713,04-07-17 16:59
866,100,0,3,-74,DragBcon ,D0:B5:C2:CD:2D:BD,758553.431,SM-T713,04-07-17 16:59
867,100,0,3,-71,DragBcon ,D0:B5:C2:CD:29:49,758590.7222,SM-T713,04-07-17 16:59
868,100,0,3,-74,DragBcon ,D0:B5:C2:CD:2D:BD,759559.2915,SM-T713,04-07-17 16:59
869,100,0,3,-71,DragBcon ,D0:B5:C2:CD:29:49,760603.2558,SM-T713,04-07-17 16:59
870,100,0,3,-66,DragBcon ,D0:B5:C2:CD:2D:E3,760910.6478,SM-T713,04-07-17 16:59
871,100,0,3,-70,DragBcon ,D0:B5:C2:CD:29:49,761610.7845,SM-T713,04-07-17 16:59
872,100,0,3,-71,DragBcon ,D0:B5:C2:CD:29:49,762609.4077,SM-T713,04-07-17 16:59
873,100,0,3,-64,DragBcon ,D0:B5:C2:CD:2D:E3,763926.3466,SM-T713,04-07-17 16:59
874,100,0,3,-72,DragBcon ,D0:B5:C2:CD:29:49,764615.9922,SM-T713,04-07-17 16:59
875,100,0,3,-72,DragBcon ,D0:B5:C2:CD:29:49,765604.8741,SM-T713,04-07-17 16:59
876,100,0,3,-71,DragBcon ,D0:B5:C2:CD:29:49,766620.3191,SM-T713,04-07-17 16:59
877,100,0,3,-67,DragBcon ,D0:B5:C2:CD:2D:E3,768951.5689,SM-T713,04-07-17 16:59
878,100,0,3,-64,DragBcon ,D0:B5:C2:CD:2D:E3,770980.4696,SM-T713,04-07-17 16:59
879,100,0,3,-84,DragBcon ,D0:B5:C2:CD:2D:BD,773625.3164,SM-T713,04-07-17 16:59
880,100,0,3,-68,DragBcon ,D0:B5:C2:CD:2D:E3,774974.9551,SM-T713,04-07-17 16:59
881,100,0,3,-72,DragBcon ,D0:B5:C2:CD:29:49,781695.973,SM-T713,04-07-17 16:59
882,100,0,3,-73,DragBcon ,D0:B5:C2:CD:2D:BD,785695.7568,SM-T713,04-07-17 16:59
883,100,0,3,-79,DragBcon ,D0:B5:C2:CD:2D:BD,786697.9677,SM-T713,04-07-17 16:59
884,100,0,3,-80,DragBcon ,D0:B5:C2:CD:2D:BD,791697.8145,SM-T713,04-07-17 16:59
885,100,0,3,-63,DragBcon ,D0:B5:C2:CD:29:49,792739.0431,SM-T713,04-07-17 16:59
886,100,0,3,-67,DragBcon ,D0:B5:C2:CD:29:49,796754.0135,SM-T713,04-07-17 16:59
887,100,0,3,-71,DragBcon ,D0:B5:C2:CD:29:49,798775.3277,SM-T713,04-07-17 16:59
888,100,0,3,-77,DragBcon ,D0:B5:C2:CD:2D:BD,800752.1141,SM-T713,04-07-17 16:59
889,100,0,3,-74,DragBcon ,D0:B5:C2:CD:2D:BD,801760.5082,SM-T713,04-07-17 16:59
890,100,0,3,-72,DragBcon ,D0:B5:C2:CD:29:49,801800.81,SM-T713,04-07-17 16:59
891,100,0,3,-66,DragBcon ,D0:B5:C2:CD:2D:E3,804167.232,SM-T713,04-07-17 16:59
892,100,0,3,-64,DragBcon ,D0:B5:C2:CD:29:49,805810.2836,SM-T713,04-07-17 17:00
893,100,0,3,-68,DragBcon ,D0:B5:C2:CD:2D:E3,811208.9055,SM-T713,04-07-17 17:00
894,100,0,3,-76,DragBcon ,D0:B5:C2:CD:2D:BD,812814.8487,SM-T713,04-07-17 17:00
895,100,0,3,-69,DragBcon ,D0:B5:C2:CD:29:49,817851.6064,SM-T713,04-07-17 17:00
896,100,0,3,-72,DragBcon ,D0:B5:C2:CD:29:49,819872.0209,SM-T713,04-07-17 17:00
897,100,0,3,-65,DragBcon ,D0:B5:C2:CD:2D:E3,821265.5933,SM-T713,04-07-17 17:00
898,100,0,3,-65,DragBcon ,D0:B5:C2:CD:29:49,821885.471,SM-T713,04-07-17 17:00
899,100,0,3,-77,DragBcon ,D0:B5:C2:CD:2D:BD,822883.2516,SM-T713,04-07-17 17:00
900,100,0,3,-71,DragBcon ,D0:B5:C2:CD:29:49,823906.8696,SM-T713,04-07-17 17:00
901,100,0,3,-65,DragBcon ,D0:B5:C2:CD:2D:E3,824269.6107,SM-T713,04-07-17 17:00
902,100,0,3,-73,DragBcon ,D0:B5:C2:CD:29:49,824891.2211,SM-T713,04-07-17 17:00
903,100,0,3,-72,DragBcon ,D0:B5:C2:CD:2D:BD,825890.6407,SM-T713,04-07-17 17:00
904,100,0,3,-74,DragBcon ,D0:B5:C2:CD:29:49,825903.8019,SM-T713,04-07-17 17:00
905,100,0,3,-65,DragBcon ,D0:B5:C2:CD:2D:E3,826284.0751,SM-T713,04-07-17 17:00
906,100,0,3,-76,DragBcon ,D0:B5:C2:CD:2D:BD,826882.187,SM-T713,04-07-17 17:00
907,100,0,3,-76,DragBcon ,D0:B5:C2:CD:2D:BD,827874.615,SM-T713,04-07-17 17:00
908,100,0,3,-65,DragBcon ,D0:B5:C2:CD:29:49,827913.6735,SM-T713,04-07-17 17:00
909,100,0,3,-65,DragBcon ,D0:B5:C2:CD:2D:E3,829282.5775,SM-T713,04-07-17 17:00
910,100,0,3,-70,DragBcon ,D0:B5:C2:CD:29:49,829925.2502,SM-T713,04-07-17 17:00
911,100,0,3,-74,DragBcon ,D0:B5:C2:CD:2D:BD,830916.4823,SM-T713,04-07-17 17:00
912,100,0,3,-65,DragBcon ,D0:B5:C2:CD:2D:E3,831301.4527,SM-T713,04-07-17 17:00
913,100,0,3,-73,DragBcon ,D0:B5:C2:CD:29:49,831911.2974,SM-T713,04-07-17 17:00
914,100,0,3,-64,DragBcon ,D0:B5:C2:CD:2D:E3,833319.296,SM-T713,04-07-17 17:00
915,100,0,3,-66,DragBcon ,D0:B5:C2:CD:2D:E3,834319.7053,SM-T713,04-07-17 17:00
916,100,0,3,-64,DragBcon ,D0:B5:C2:CD:29:49,834929.8399,SM-T713,04-07-17 17:00
917,100,0,3,-66,DragBcon ,D0:B5:C2:CD:2D:E3,835320.5658,SM-T713,04-07-17 17:00
918,100,0,3,-64,DragBcon ,D0:B5:C2:CD:29:49,835946.9444,SM-T713,04-07-17 17:00
919,100,0,3,-66,DragBcon ,D0:B5:C2:CD:2D:E3,836312.3291,SM-T713,04-07-17 17:00
920,100,0,3,-70,DragBcon ,D0:B5:C2:CD:29:49,836955.8757,SM-T713,04-07-17 17:00
921,100,0,3,-67,DragBcon ,D0:B5:C2:CD:2D:E3,837332.8251,SM-T713,04-07-17 17:00
922,100,0,3,-75,DragBcon ,D0:B5:C2:CD:2D:BD,837950.6777,SM-T713,04-07-17 17:00
923,100,0,3,-68,DragBcon ,D0:B5:C2:CD:29:49,837963.9591,SM-T713,04-07-17 17:00
924,100,0,3,-66,DragBcon ,D0:B5:C2:CD:2D:E3,838339.5662,SM-T713,04-07-17 17:00
925,100,0,3,-77,DragBcon ,D0:B5:C2:CD:2D:BD,838946.8561,SM-T713,04-07-17 17:00
926,100,0,3,-67,DragBcon ,D0:B5:C2:CD:2D:E3,839331.751,SM-T713,04-07-17 17:00
927,100,0,3,-74,DragBcon ,D0:B5:C2:CD:2D:BD,839955.3507,SM-T713,04-07-17 17:00
928,100,0,3,-80,DragBcon ,D0:B5:C2:CD:2D:BD,840957.0593,SM-T713,04-07-17 17:00
929,100,0,3,-71,DragBcon ,D0:B5:C2:CD:2D:BD,841957.2128,SM-T713,04-07-17 17:00
930,100,0,3,-79,DragBcon ,D0:B5:C2:CD:29:49,842014.028,SM-T713,04-07-17 17:00
931,100,0,3,-65,DragBcon ,D0:B5:C2:CD:2D:E3,843361.6589,SM-T713,04-07-17 17:00
932,100,0,3,-64,DragBcon ,D0:B5:C2:CD:29:49,843985.0606,SM-T713,04-07-17 17:00
933,100,0,3,-73,DragBcon ,D0:B5:C2:CD:2D:E3,844362.9047,SM-T713,04-07-17 17:00
934,100,0,3,-65,DragBcon ,D0:B5:C2:CD:29:49,845997.9564,SM-T713,04-07-17 17:00
935,100,0,3,-80,DragBcon ,D0:B5:C2:CD:2D:BD,846986.1638,SM-T713,04-07-17 17:00
936,100,0,3,-67,DragBcon ,D0:B5:C2:CD:29:49,848016.5259,SM-T713,04-07-17 17:00
937,100,0,3,-68,DragBcon ,D0:B5:C2:CD:29:49,849019.2668,SM-T713,04-07-17 17:00
938,100,0,3,-70,DragBcon ,D0:B5:C2:CD:2D:BD,850002.2804,SM-T713,04-07-17 17:00
939,100,0,3,-68,DragBcon ,D0:B5:C2:CD:29:49,850034.4364,SM-T713,04-07-17 17:00
940,100,0,3,-70,DragBcon ,D0:B5:C2:CD:2D:BD,851006.7038,SM-T713,04-07-17 17:00
941,100,0,3,-68,DragBcon ,D0:B5:C2:CD:29:49,851029.5048,SM-T713,04-07-17 17:00
942,100,0,3,-62,DragBcon ,D0:B5:C2:CD:29:49,853043.2719,SM-T713,04-07-17 17:00
943,100,0,3,-74,DragBcon ,D0:B5:C2:CD:2D:BD,854017.7621,SM-T713,04-07-17 17:00
944,100,0,3,-66,DragBcon ,D0:B5:C2:CD:2D:E3,854405.517,SM-T713,04-07-17 17:00
945,100,0,3,-72,DragBcon ,D0:B5:C2:CD:2D:BD,855022.4669,SM-T713,04-07-17 17:00
946,100,0,3,-69,DragBcon ,D0:B5:C2:CD:29:49,855081.3055,SM-T713,04-07-17 17:00
947,100,0,3,-70,DragBcon ,D0:B5:C2:CD:2D:BD,856029.9171,SM-T713,04-07-17 17:00
948,100,0,3,-64,DragBcon ,D0:B5:C2:CD:2D:E3,856411.2454,SM-T713,04-07-17 17:00
949,100,0,3,-70,DragBcon ,D0:B5:C2:CD:2D:BD,857016.3059,SM-T713,04-07-17 17:00
950,100,0,3,-77,DragBcon ,D0:B5:C2:CD:29:49,857084.0106,SM-T713,04-07-17 17:00
951,100,0,3,-64,DragBcon ,D0:B5:C2:CD:2D:E3,857413.3651,SM-T713,04-07-17 17:00
952,100,0,3,-81,DragBcon ,D0:B5:C2:CD:2D:BD,858025.3686,SM-T713,04-07-17 17:00
953,100,0,3,-77,DragBcon ,D0:B5:C2:CD:29:49,858085.5106,SM-T713,04-07-17 17:00
954,100,0,3,-64,DragBcon ,D0:B5:C2:CD:29:49,859088.5989,SM-T713,04-07-17 17:00
955,100,0,3,-65,DragBcon ,D0:B5:C2:CD:2D:E3,859423.0019,SM-T713,04-07-17 17:00
956,100,0,3,-73,DragBcon ,D0:B5:C2:CD:29:49,860102.2659,SM-T713,04-07-17 17:00
957,100,0,3,-65,DragBcon ,D0:B5:C2:CD:29:49,861112.2349,SM-T713,04-07-17 17:00
958,100,0,3,-66,DragBcon ,D0:B5:C2:CD:2D:E3,861423.2116,SM-T713,04-07-17 17:00
959,100,0,3,-67,DragBcon ,D0:B5:C2:CD:29:49,862128.6509,SM-T713,04-07-17 17:00
960,100,0,3,-66,DragBcon ,D0:B5:C2:CD:2D:E3,862453.0192,SM-T713,04-07-17 17:00
961,100,0,3,-79,DragBcon ,D0:B5:C2:CD:2D:BD,863045.2269,SM-T713,04-07-17 17:00
962,100,0,3,-66,DragBcon ,D0:B5:C2:CD:2D:E3,863440.8462,SM-T713,04-07-17 17:00
963,100,0,3,-70,DragBcon ,D0:B5:C2:CD:2D:BD,864062.3476,SM-T713,04-07-17 17:00
964,100,0,3,-68,DragBcon ,D0:B5:C2:CD:29:49,864130.4482,SM-T713,04-07-17 17:00
965,100,0,3,-66,DragBcon ,D0:B5:C2:CD:2D:E3,864448.9476,SM-T713,04-07-17 17:00
966,100,0,3,-70,DragBcon ,D0:B5:C2:CD:2D:BD,865059.9575,SM-T713,04-07-17 17:00
967,100,0,3,-77,DragBcon ,D0:B5:C2:CD:29:49,865131.3037,SM-T713,04-07-17 17:00
968,100,0,3,-64,DragBcon ,D0:B5:C2:CD:2D:E3,865450.14,SM-T713,05-07-17 17:00
969,100,0,3,-70,DragBcon ,D0:B5:C2:CD:2D:BD,866054.9931,SM-T713,06-07-17 17:00
970,100,0,3,-65,DragBcon ,D0:B5:C2:CD:2D:E3,866459.5851,SM-T713,07-07-17 17:00
971,100,0,3,-70,DragBcon ,D0:B5:C2:CD:2D:BD,867056.2577,SM-T713,08-07-17 17:00
972,100,0,3,-80,DragBcon ,D0:B5:C2:CD:2D:BD,868079.9625,SM-T713,09-07-17 17:00
973,100,0,3,-68,DragBcon ,D0:B5:C2:CD:29:49,868155.0178,SM-T713,10-07-17 17:00
974,100,0,3,-66,DragBcon ,D0:B5:C2:CD:2D:E3,868467.1262,SM-T713,11-07-17 17:00
975,100,0,3,-68,DragBcon ,D0:B5:C2:CD:29:49,869167.6856,SM-T713,12-07-17 17:00
976,100,0,3,-81,DragBcon ,D0:B5:C2:CD:2D:BD,870074.4136,SM-T713,13-07-17 17:00
977,100,0,3,-66,DragBcon ,D0:B5:C2:CD:2D:E3,870475.8437,SM-T713,14-07-17 17:00
978,100,0,3,-68,DragBcon ,D0:B5:C2:CD:29:49,871173.8046,SM-T713,15-07-17 17:00
979,100,0,3,-64,DragBcon ,D0:B5:C2:CD:2D:E3,872485.6376,SM-T713,16-07-17 17:00
980,100,0,3,-64,DragBcon ,D0:B5:C2:CD:2D:E3,873483.9814,SM-T713,17-07-17 17:00
981,100,0,3,-78,DragBcon ,D0:B5:C2:CD:29:49,874182.71,SM-T713,18-07-17 17:00
982,100,0,3,-64,DragBcon ,D0:B5:C2:CD:29:49,875187.6701,SM-T713,19-07-17 17:00
983,100,0,3,-66,DragBcon ,D0:B5:C2:CD:2D:E3,884534.537,SM-T713,20-07-17 17:00
984,100,0,3,-64,DragBcon ,D0:B5:C2:CD:2D:E3,887558.5416,SM-T713,21-07-17 17:00
985,100,0,3,-64,DragBcon ,D0:B5:C2:CD:2D:E3,888544.6389,SM-T713,22-07-17 17:00
986,100,0,3,-66,DragBcon ,D0:B5:C2:CD:2D:E3,889558.7937,SM-T713,23-07-17 17:00
987,100,0,3,-70,DragBcon ,D0:B5:C2:CD:2D:BD,894172.7623,SM-T713,24-07-17 17:00
988,100,0,3,-65,DragBcon ,D0:B5:C2:CD:29:49,897323.7143,SM-T713,25-07-17 17:00
989,100,0,3,-80,DragBcon ,D0:B5:C2:CD:2D:BD,899203.0739,SM-T713,26-07-17 17:00
990,100,0,3,-69,DragBcon ,D0:B5:C2:CD:29:49,900326.9167,SM-T713,27-07-17 17:00
991,100,0,3,-71,DragBcon ,D0:B5:C2:CD:2D:BD,902219.0756,SM-T713,28-07-17 17:00
992,100,0,3,-64,DragBcon ,D0:B5:C2:CD:2D:E3,903630.1094,SM-T713,29-07-17 17:00
993,100,0,3,-78,DragBcon ,D0:B5:C2:CD:29:49,904336.0324,SM-T713,30-07-17 17:00
994,100,0,3,-80,DragBcon ,D0:B5:C2:CD:2D:BD,906221.4847,SM-T713,31-07-17 17:00
995,100,0,3,-64,DragBcon ,D0:B5:C2:CD:29:49,906348.4648,SM-T713,01-08-17 17:00
